protocol_version,workload,scenario,config,run_id,reference_mode,success,status,prime_elapsed_ms,measure_elapsed_ms,total_wall_clock_ms,fidelity_binary_equal,fidelity_visual_equal,changed_pages_count,missing_tool,reference_pdf,pdf_path
v0.2-prime-measure,W1_text_math,S0_clean_build,B0_baseline_xelatex,20260320-181510-237-ce93ed45,False,True,ok,0.0,7053.034,7053.034,False,True,0,,,
v0.2-prime-measure,W1_text_math,S0_clean_build,B0_baseline_xelatex,20260320-193102-828-c8d95814,False,True,ok,0.0,7054.395,7054.395,False,True,0,,,
v0.2-prime-measure,W1_text_math,S0_clean_build,B0_baseline_xelatex,20260320-195959-803-005e1fa0,False,True,ok,0.0,7068.9,7068.9,False,True,0,,,
v0.2-prime-measure,W1_text_math,S0_clean_build,B0_baseline_xelatex,20260320-201357-084-59d8c26b,False,True,ok,0.0,7071.487,7071.487,False,True,0,,,
v0.2-prime-measure,W1_text_math,S0_clean_build,B0_baseline_xelatex,20260320-204342-069-c3a40523,False,True,ok,0.0,7054.102,7054.102,False,True,0,,,
v0.2-prime-measure,W1_text_math,S0_clean_build,B0_baseline_xelatex,20260320-210212-654-dd6f6c25,False,True,ok,0.0,7080.723,7080.723,False,True,0,,,
v0.2-prime-measure,W1_text_math,S0_clean_build,B0_baseline_xelatex,20260320-211235-679-5834320c,False,True,ok,0.0,7060.949,7060.949,False,True,0,,,
v0.2-prime-measure,W1_text_math,S0_clean_build,B0_baseline_xelatex,20260320-214039-429-999083ae,False,True,ok,0.0,7056.914,7056.914,False,True,0,,,
v0.2-prime-measure,W1_text_math,S0_clean_build,B0_baseline_xelatex,20260320-220029-933-34c4a386,False,True,ok,0.0,7061.047,7061.047,False,True,0,,,
v0.2-prime-measure,W1_text_math,S0_clean_build,B0_baseline_xelatex,20260320-223319-511-f41b9ff6,False,True,ok,0.0,7060.582,7060.582,False,True,0,,,
v0.2-prime-measure,W1_text_math,S0_clean_build,B0_baseline_xelatex,20260320-225045-696-1e4c9f87,False,True,ok,0.0,7067.571,7067.571,False,True,0,,,
v0.2-prime-measure,W1_text_math,S0_clean_build,B0_baseline_xelatex,20260320-225904-384-22640d6b,False,True,ok,0.0,7086.468,7086.468,False,True,0,,,
v0.2-prime-measure,W1_text_math,S0_clean_build,B0_baseline_xelatex,20260320-232543-323-87285461,False,True,ok,0.0,7060.915,7060.915,False,True,0,,,
v0.2-prime-measure,W1_text_math,S0_clean_build,B0_baseline_xelatex,20260320-234443-210-3ec1b08d,False,True,ok,0.0,7084.482,7084.482,False,True,0,,,
v0.2-prime-measure,W1_text_math,S0_clean_build,B0_baseline_xelatex,20260321-001847-478-b5bf75c9,False,True,ok,0.0,7061.216,7061.216,False,True,0,,,
v0.2-prime-measure,W1_text_math,S0_clean_build,B0_baseline_xelatex,20260321-002900-374-c70dd3de,False,True,ok,0.0,7081.717,7081.717,False,True,0,,,
v0.2-prime-measure,W1_text_math,S0_clean_build,B0_baseline_xelatex,20260321-004828-991-0ad0b05c,False,True,ok,0.0,7075.613,7075.613,False,True,0,,,
v0.2-prime-measure,W1_text_math,S0_clean_build,B0_baseline_xelatex,20260321-012324-922-920e17d6,False,True,ok,0.0,7063.519,7063.519,False,True,0,,,
v0.2-prime-measure,W1_text_math,S0_clean_build,B0_baseline_xelatex,20260321-014221-832-640f1f2d,False,True,ok,0.0,7066.241,7066.241,False,True,0,,,
v0.2-prime-measure,W1_text_math,S0_clean_build,B0_baseline_xelatex,20260321-020851-324-1c14bb90,False,True,ok,0.0,7052.304,7052.304,False,True,0,,,
v0.2-prime-measure,W1_text_math,S0_clean_build,B1_latexmk,20260320-180928-070-91bac1da,False,True,ok,0.0,8021.881,8021.881,False,True,0,,,
v0.2-prime-measure,W1_text_math,S0_clean_build,B1_latexmk,20260320-193335-597-7a937e72,False,True,ok,0.0,8016.962,8016.962,False,True,0,,,
v0.2-prime-measure,W1_text_math,S0_clean_build,B1_latexmk,20260320-200818-394-10f9aeee,False,True,ok,0.0,8009.72,8009.72,False,True,0,,,
v0.2-prime-measure,W1_text_math,S0_clean_build,B1_latexmk,20260320-202920-606-c018243b,False,True,ok,0.0,8016.388,8016.388,False,True,0,,,
v0.2-prime-measure,W1_text_math,S0_clean_build,B1_latexmk,20260320-203112-712-a03e4ec4,False,True,ok,0.0,8017.329,8017.329,False,True,0,,,
v0.2-prime-measure,W1_text_math,S0_clean_build,B1_latexmk,20260320-210014-533-351d26e0,False,True,ok,0.0,8012.388,8012.388,False,True,0,,,
v0.2-prime-measure,W1_text_math,S0_clean_build,B1_latexmk,20260320-211337-742-c9ad818c,False,True,ok,0.0,8009.116,8009.116,False,True,0,,,
v0.2-prime-measure,W1_text_math,S0_clean_build,B1_latexmk,20260320-215447-576-2ea90e72,False,True,ok,0.0,8017.861,8017.861,False,True,0,,,
v0.2-prime-measure,W1_text_math,S0_clean_build,B1_latexmk,20260320-220938-813-f2ab5f0b,False,True,ok,0.0,8024.882,8024.882,False,True,0,,,
v0.2-prime-measure,W1_text_math,S0_clean_build,B1_latexmk,20260320-223232-966-252f9bd4,False,True,ok,0.0,8009.041,8009.041,False,True,0,,,
v0.2-prime-measure,W1_text_math,S0_clean_build,B1_latexmk,20260320-224156-722-11299dd8,False,True,ok,0.0,8015.117,8015.117,False,True,0,,,
v0.2-prime-measure,W1_text_math,S0_clean_build,B1_latexmk,20260320-231144-639-ba187a37,False,True,ok,0.0,8013.486,8013.486,False,True,0,,,
v0.2-prime-measure,W1_text_math,S0_clean_build,B1_latexmk,20260320-232307-215-2d7eef2e,False,True,ok,0.0,8017.778,8017.778,False,True,0,,,
v0.2-prime-measure,W1_text_math,S0_clean_build,B1_latexmk,20260320-234502-122-a2463672,False,True,ok,0.0,8005.904,8005.904,False,True,0,,,
v0.2-prime-measure,W1_text_math,S0_clean_build,B1_latexmk,20260321-001526-995-4057e3aa,False,True,ok,0.0,8009.883,8009.883,False,True,0,,,
v0.2-prime-measure,W1_text_math,S0_clean_build,B1_latexmk,20260321-003455-961-e762f7cf,False,True,ok,0.0,11057.266,11057.266,False,True,0,,,
v0.2-prime-measure,W1_text_math,S0_clean_build,B1_latexmk,20260321-005044-529-ed1b011b,False,True,ok,0.0,8012.178,8012.178,False,True,0,,,
v0.2-prime-measure,W1_text_math,S0_clean_build,B1_latexmk,20260321-012248-452-d7ac7ef8,False,True,ok,0.0,8017.196,8017.196,False,True,0,,,
v0.2-prime-measure,W1_text_math,S0_clean_build,B1_latexmk,20260321-013010-172-89e14609,False,True,ok,0.0,8012.191,8012.191,False,True,0,,,
v0.2-prime-measure,W1_text_math,S0_clean_build,B1_latexmk,20260321-020801-946-2dd4c57b,False,True,ok,0.0,8024.343,8024.343,False,True,0,,,
v0.2-prime-measure,W1_text_math,S1_text_edit,B0_baseline_xelatex,20260320-182349-674-7cfaeda3,False,True,ok,7066.492,7067.489,14133.981,False,True,0,,,
v0.2-prime-measure,W1_text_math,S1_text_edit,B0_baseline_xelatex,20260320-193421-968-b65ec060,False,True,ok,7049.162,7083.909,14133.071,False,True,0,,,
v0.2-prime-measure,W1_text_math,S1_text_edit,B0_baseline_xelatex,20260320-200206-050-c743b689,False,True,ok,7084.694,7071.364,14156.058,False,True,0,,,
v0.2-prime-measure,W1_text_math,S1_text_edit,B0_baseline_xelatex,20260320-200856-805-0e4f63e5,False,True,ok,7057.013,7044.322,14101.335,False,True,0,,,
v0.2-prime-measure,W1_text_math,S1_text_edit,B0_baseline_xelatex,20260320-203849-192-c9b5a83b,False,True,ok,7069.072,7059.987,14129.059,False,True,0,,,
v0.2-prime-measure,W1_text_math,S1_text_edit,B0_baseline_xelatex,20260320-205804-190-3ed04a69,False,True,ok,7075.372,7064.119,14139.491,False,True,0,,,
v0.2-prime-measure,W1_text_math,S1_text_edit,B0_baseline_xelatex,20260320-213319-819-53cd43bf,False,True,ok,7047.759,7091.61,14139.369,False,True,0,,,
v0.2-prime-measure,W1_text_math,S1_text_edit,B0_baseline_xelatex,20260320-214953-851-c6d7a484,False,True,ok,7070.916,7078.472,14149.388,False,True,0,,,
v0.2-prime-measure,W1_text_math,S1_text_edit,B0_baseline_xelatex,20260320-221537-255-32d7d587,False,True,ok,7080.873,7070.687,14151.56,False,True,0,,,
v0.2-prime-measure,W1_text_math,S1_text_edit,B0_baseline_xelatex,20260320-223658-081-38249a8f,False,True,ok,7070.42,7067.149,14137.569,False,True,0,,,
v0.2-prime-measure,W1_text_math,S1_text_edit,B0_baseline_xelatex,20260320-224105-978-3b12664d,False,True,ok,7061.285,7069.835,14131.12,False,True,0,,,
v0.2-prime-measure,W1_text_math,S1_text_edit,B0_baseline_xelatex,20260320-231429-661-7c3f9756,False,True,ok,7059.084,7068.362,14127.446,False,True,0,,,
v0.2-prime-measure,W1_text_math,S1_text_edit,B0_baseline_xelatex,20260320-233953-523-474038df,False,True,ok,7072.21,7062.021,14134.231,False,True,0,,,
v0.2-prime-measure,W1_text_math,S1_text_edit,B0_baseline_xelatex,20260320-235443-560-75408e20,False,True,ok,7057.171,7061.306,14118.477,False,True,0,,,
v0.2-prime-measure,W1_text_math,S1_text_edit,B0_baseline_xelatex,20260321-001455-691-c1799f53,False,True,ok,7064.712,7079.447,14144.159,False,True,0,,,
v0.2-prime-measure,W1_text_math,S1_text_edit,B0_baseline_xelatex,20260321-003240-761-fe1a75eb,False,True,ok,7072.901,7057.913,14130.814,False,True,0,,,
v0.2-prime-measure,W1_text_math,S1_text_edit,B0_baseline_xelatex,20260321-010509-316-10df6357,False,True,ok,7078.275,7058.696,14136.971,False,True,0,,,
v0.2-prime-measure,W1_text_math,S1_text_edit,B0_baseline_xelatex,20260321-011913-834-fdf6726a,False,True,ok,7073.568,7055.789,14129.357,False,True,0,,,
v0.2-prime-measure,W1_text_math,S1_text_edit,B0_baseline_xelatex,20260321-012738-861-0ad96115,False,True,ok,7082.98,7070.518,14153.498,False,True,0,,,
v0.2-prime-measure,W1_text_math,S1_text_edit,B0_baseline_xelatex,20260321-015106-332-4a95f6f2,False,True,ok,7065.848,7087.7,14153.548,False,True,0,,,
v0.2-prime-measure,W1_text_math,S1_text_edit,B1_latexmk,20260320-192046-244-66a45fc9,False,True,ok,8008.275,4014.992,12023.267,False,True,0,,,
v0.2-prime-measure,W1_text_math,S1_text_edit,B1_latexmk,20260320-192921-783-77aaa298,False,True,ok,8012.338,4018.578,12030.916,False,True,0,,,
v0.2-prime-measure,W1_text_math,S1_text_edit,B1_latexmk,20260320-200827-780-b05ecf35,False,True,ok,8012.869,4022.089,12034.958,False,True,0,,,
v0.2-prime-measure,W1_text_math,S1_text_edit,B1_latexmk,20260320-202134-929-bce68990,False,True,ok,8018.598,4012.295,12030.893,False,True,0,,,
v0.2-prime-measure,W1_text_math,S1_text_edit,B1_latexmk,20260320-203814-223-533f4a44,False,True,ok,8011.773,4016.211,12027.984,False,True,0,,,
v0.2-prime-measure,W1_text_math,S1_text_edit,B1_latexmk,20260320-210055-125-317320bb,False,True,ok,8014.106,4010.785,12024.891,False,True,0,,,
v0.2-prime-measure,W1_text_math,S1_text_edit,B1_latexmk,20260320-213202-636-23a2910d,False,True,ok,8021.081,4013.047,12034.128,False,True,0,,,
v0.2-prime-measure,W1_text_math,S1_text_edit,B1_latexmk,20260320-215357-036-a5cc2726,False,True,ok,8013.742,4015.453,12029.195,False,True,0,,,
v0.2-prime-measure,W1_text_math,S1_text_edit,B1_latexmk,20260320-220519-213-1787f876,False,True,ok,8018.72,4011.899,12030.619,False,True,0,,,
v0.2-prime-measure,W1_text_math,S1_text_edit,B1_latexmk,20260320-223607-769-f1cebe38,False,True,ok,8007.368,4017.187,12024.555,False,True,0,,,
v0.2-prime-measure,W1_text_math,S1_text_edit,B1_latexmk,20260320-225715-721-31cc3111,False,True,ok,8015.814,4017.471,12033.285,False,True,0,,,
v0.2-prime-measure,W1_text_math,S1_text_edit,B1_latexmk,20260320-230117-581-ba3f1ff1,False,True,ok,8012.406,4020.534,12032.94,False,True,0,,,
v0.2-prime-measure,W1_text_math,S1_text_edit,B1_latexmk,20260320-233303-234-e3e6f429,False,True,ok,8012.017,4013.636,12025.653,False,True,0,,,
v0.2-prime-measure,W1_text_math,S1_text_edit,B1_latexmk,20260320-234402-487-c655f343,False,True,ok,8021.197,4024.206,12045.403,False,True,0,,,
v0.2-prime-measure,W1_text_math,S1_text_edit,B1_latexmk,20260321-001856-147-52d04837,False,True,ok,8016.005,4006.172,12022.177,False,True,0,,,
v0.2-prime-measure,W1_text_math,S1_text_edit,B1_latexmk,20260321-003859-629-2e78a242,False,True,ok,8013.175,4021.101,12034.276,False,True,0,,,
v0.2-prime-measure,W1_text_math,S1_text_edit,B1_latexmk,20260321-010524-951-2cd3ba72,False,True,ok,8011.563,4017.242,12028.805,False,True,0,,,
v0.2-prime-measure,W1_text_math,S1_text_edit,B1_latexmk,20260321-010705-960-88794e56,False,True,ok,8023.053,4018.799,12041.852,False,True,0,,,
v0.2-prime-measure,W1_text_math,S1_text_edit,B1_latexmk,20260321-012927-309-83dd7b18,False,True,ok,8022.151,4009.569,12031.72,False,True,0,,,
v0.2-prime-measure,W1_text_math,S1_text_edit,B1_latexmk,20260321-015811-973-50c31b3e,False,True,ok,8021.516,4019.245,12040.761,False,True,0,,,
v0.2-prime-measure,W1_text_math,S2_bib_edit,B0_baseline_xelatex,20260320-192146-593-52f952de,False,True,ok,7072.659,7055.588,14128.247,False,True,0,,,
v0.2-prime-measure,W1_text_math,S2_bib_edit,B0_baseline_xelatex,20260320-194327-455-937d5b85,False,True,ok,7082.318,7071.428,14153.746,False,True,0,,,
v0.2-prime-measure,W1_text_math,S2_bib_edit,B0_baseline_xelatex,20260320-194806-776-27c69211,False,True,ok,7077.913,7079.486,14157.399,False,True,0,,,
v0.2-prime-measure,W1_text_math,S2_bib_edit,B0_baseline_xelatex,20260320-201945-140-76690d98,False,True,ok,7075.564,7082.261,14157.825,False,True,0,,,
v0.2-prime-measure,W1_text_math,S2_bib_edit,B0_baseline_xelatex,20260320-203507-365-0a166d68,False,True,ok,7064.948,7067.505,14132.453,False,True,0,,,
v0.2-prime-measure,W1_text_math,S2_bib_edit,B0_baseline_xelatex,20260320-210933-982-de254976,False,True,ok,7043.364,7069.384,14112.748,False,True,0,,,
v0.2-prime-measure,W1_text_math,S2_bib_edit,B0_baseline_xelatex,20260320-211453-252-5122b4b8,False,True,ok,7063.34,7072.135,14135.475,False,True,0,,,
v0.2-prime-measure,W1_text_math,S2_bib_edit,B0_baseline_xelatex,20260320-215223-951-0e343528,False,True,ok,7060.144,7079.463,14139.607,False,True,0,,,
v0.2-prime-measure,W1_text_math,S2_bib_edit,B0_baseline_xelatex,20260320-221321-884-58efe157,False,True,ok,7081.263,7068.541,14149.804,False,True,0,,,
v0.2-prime-measure,W1_text_math,S2_bib_edit,B0_baseline_xelatex,20260320-221852-323-93812cdc,False,True,ok,7057.695,7077.125,14134.82,False,True,0,,,
v0.2-prime-measure,W1_text_math,S2_bib_edit,B0_baseline_xelatex,20260320-225054-272-63d950f1,False,True,ok,7080.843,7072.374,14153.217,False,True,0,,,
v0.2-prime-measure,W1_text_math,S2_bib_edit,B0_baseline_xelatex,20260320-225848-766-3baab7dd,False,True,ok,7061.555,7055.29,14116.845,False,True,0,,,
v0.2-prime-measure,W1_text_math,S2_bib_edit,B0_baseline_xelatex,20260320-233208-373-8c1adaa5,False,True,ok,7064.341,7088.552,14152.893,False,True,0,,,
v0.2-prime-measure,W1_text_math,S2_bib_edit,B0_baseline_xelatex,20260320-235459-250-0dda6157,False,True,ok,7062.64,7075.133,14137.773,False,True,0,,,
v0.2-prime-measure,W1_text_math,S2_bib_edit,B0_baseline_xelatex,20260321-000218-374-1771f21c,False,True,ok,7062.172,7067.045,14129.217,False,True,0,,,
v0.2-prime-measure,W1_text_math,S2_bib_edit,B0_baseline_xelatex,20260321-003307-698-3b31babe,False,True,ok,7069.862,7073.108,14142.97,False,True,0,,,
v0.2-prime-measure,W1_text_math,S2_bib_edit,B0_baseline_xelatex,20260321-010359-957-6e5186fe,False,True,ok,7061.137,7082.639,14143.776,False,True,0,,,
v0.2-prime-measure,W1_text_math,S2_bib_edit,B0_baseline_xelatex,20260321-010719-567-bc59962d,False,True,ok,7066.261,7066.755,14133.016,False,True,0,,,
v0.2-prime-measure,W1_text_math,S2_bib_edit,B0_baseline_xelatex,20260321-014734-320-078c21c3,False,True,ok,7072.875,7044.313,14117.188,False,True,0,,,
v0.2-prime-measure,W1_text_math,S2_bib_edit,B0_baseline_xelatex,20260321-015148-415-000f53bc,False,True,ok,7077.12,7073.937,14151.057,False,True,0,,,
v0.2-prime-measure,W1_text_math,S2_bib_edit,B1_latexmk,20260320-181044-551-ed9b2384,False,True,ok,8013.513,8014.775,16028.288,False,True,0,,,
v0.2-prime-measure,W1_text_math,S2_bib_edit,B1_latexmk,20260320-194441-237-2301bffe,False,True,ok,8012.869,8010.546,16023.415,False,True,0,,,
v0.2-prime-measure,W1_text_math,S2_bib_edit,B1_latexmk,20260320-195502-061-519653cd,False,True,ok,8014.919,8023.926,16038.845,False,True,0,,,
v0.2-prime-measure,W1_text_math,S2_bib_edit,B1_latexmk,20260320-202055-826-7eca8a64,False,True,ok,8020.003,8008.622,16028.625,False,True,0,,,
v0.2-prime-measure,W1_text_math,S2_bib_edit,B1_latexmk,20260320-205020-704-fead3077,False,True,ok,8020.07,8015.689,16035.759,False,True,0,,,
v0.2-prime-measure,W1_text_math,S2_bib_edit,B1_latexmk,20260320-205709-631-4ecf412f,False,True,ok,8006.594,8023.303,16029.897,False,True,0,,,
v0.2-prime-measure,W1_text_math,S2_bib_edit,B1_latexmk,20260320-212557-724-1af3f234,False,True,ok,8019.025,8012.172,16031.197,False,True,0,,,
v0.2-prime-measure,W1_text_math,S2_bib_edit,B1_latexmk,20260320-213956-947-c6f93b18,False,True,ok,8017.324,8010.416,16027.74,False,True,0,,,
v0.2-prime-measure,W1_text_math,S2_bib_edit,B1_latexmk,20260320-221122-454-de3b51e1,False,True,ok,8011.846,8021.096,16032.942,False,True,0,,,
v0.2-prime-measure,W1_text_math,S2_bib_edit,B1_latexmk,20260320-222743-480-c566d22b,False,True,ok,8023.336,8021.705,16045.041,False,True,0,,,
v0.2-prime-measure,W1_text_math,S2_bib_edit,B1_latexmk,20260320-225637-729-117bec2c,False,True,ok,8022.958,8016.607,16039.565,False,True,0,,,
v0.2-prime-measure,W1_text_math,S2_bib_edit,B1_latexmk,20260320-231742-662-aedea83c,False,True,ok,8010.591,8017.246,16027.837,False,True,0,,,
v0.2-prime-measure,W1_text_math,S2_bib_edit,B1_latexmk,20260320-233224-086-6e68e21a,False,True,ok,8006.589,8017.357,16023.946,False,True,0,,,
v0.2-prime-measure,W1_text_math,S2_bib_edit,B1_latexmk,20260320-234538-115-5cc43dbd,False,True,ok,8015.64,8017.384,16033.024,False,True,0,,,
v0.2-prime-measure,W1_text_math,S2_bib_edit,B1_latexmk,20260321-000754-233-6c4d3b17,False,True,ok,8008.239,8014.07,16022.309,False,True,0,,,
v0.2-prime-measure,W1_text_math,S2_bib_edit,B1_latexmk,20260321-002620-547-a284f527,False,True,ok,8023.189,8016.039,16039.228,False,True,0,,,
v0.2-prime-measure,W1_text_math,S2_bib_edit,B1_latexmk,20260321-010213-782-db256ea2,False,True,ok,8011.31,8023.593,16034.903,False,True,0,,,
v0.2-prime-measure,W1_text_math,S2_bib_edit,B1_latexmk,20260321-011236-365-86a47083,False,True,ok,8016.503,8008.215,16024.718,False,True,0,,,
v0.2-prime-measure,W1_text_math,S2_bib_edit,B1_latexmk,20260321-013345-359-0b8f4001,False,True,ok,8007.493,8011.654,16019.147,False,True,0,,,
v0.2-prime-measure,W1_text_math,S2_bib_edit,B1_latexmk,20260321-020744-590-9ef48b9a,False,True,ok,8017.607,8019.4,16037.007,False,True,0,,,
v0.2-prime-measure,W1_text_math,S3_figure_edit,B0_baseline_xelatex,20260320-184156-775-91a96809,False,True,ok,7076.171,7071.114,14147.285,False,True,0,,,
v0.2-prime-measure,W1_text_math,S3_figure_edit,B0_baseline_xelatex,20260320-192646-613-9ec84d4a,False,True,ok,7061.21,7052.468,14113.678,False,True,0,,,
v0.2-prime-measure,W1_text_math,S3_figure_edit,B0_baseline_xelatex,20260320-200135-912-fc9c4fae,False,True,ok,7077.032,7076.386,14153.418,False,True,0,,,
v0.2-prime-measure,W1_text_math,S3_figure_edit,B0_baseline_xelatex,20260320-202700-940-6053399d,False,True,ok,7069.179,7073.626,14142.805,False,True,0,,,
v0.2-prime-measure,W1_text_math,S3_figure_edit,B0_baseline_xelatex,20260320-203006-326-52196d21,False,True,ok,7078.618,7059.276,14137.894,False,True,0,,,
v0.2-prime-measure,W1_text_math,S3_figure_edit,B0_baseline_xelatex,20260320-210108-561-38396e56,False,True,ok,7066.796,7043.495,14110.291,False,True,0,,,
v0.2-prime-measure,W1_text_math,S3_figure_edit,B0_baseline_xelatex,20260320-211852-719-35eab6ea,False,True,ok,7072.858,7060.865,14133.723,False,True,0,,,
v0.2-prime-measure,W1_text_math,S3_figure_edit,B0_baseline_xelatex,20260320-213847-957-c31ee53c,False,True,ok,7079.859,7064.903,14144.762,False,True,0,,,
v0.2-prime-measure,W1_text_math,S3_figure_edit,B0_baseline_xelatex,20260320-215830-825-ab627fca,False,True,ok,7063.858,7092.456,14156.314,False,True,0,,,
v0.2-prime-measure,W1_text_math,S3_figure_edit,B0_baseline_xelatex,20260320-223242-314-098c7432,False,True,ok,7067.0,7068.914,14135.914,False,True,0,,,
v0.2-prime-measure,W1_text_math,S3_figure_edit,B0_baseline_xelatex,20260320-224809-839-aea11e76,False,True,ok,7087.189,7071.273,14158.462,False,True,0,,,
v0.2-prime-measure,W1_text_math,S3_figure_edit,B0_baseline_xelatex,20260320-231726-919-5464a1ce,False,True,ok,7059.092,7089.819,14148.911,False,True,0,,,
v0.2-prime-measure,W1_text_math,S3_figure_edit,B0_baseline_xelatex,20260320-233501-709-41c938d5,False,True,ok,7063.038,7072.926,14135.964,False,True,0,,,
v0.2-prime-measure,W1_text_math,S3_figure_edit,B0_baseline_xelatex,20260320-235659-202-ef7164c4,False,True,ok,7066.391,7081.767,14148.158,False,True,0,,,
v0.2-prime-measure,W1_text_math,S3_figure_edit,B0_baseline_xelatex,20260321-001511-369-53057fab,False,True,ok,7069.03,7057.615,14126.645,False,True,0,,,
v0.2-prime-measure,W1_text_math,S3_figure_edit,B0_baseline_xelatex,20260321-002529-798-e21db036,False,True,ok,7081.176,7056.814,14137.99,False,True,0,,,
v0.2-prime-measure,W1_text_math,S3_figure_edit,B0_baseline_xelatex,20260321-004648-982-3fd6529b,False,True,ok,7070.485,7054.402,14124.887,False,True,0,,,
v0.2-prime-measure,W1_text_math,S3_figure_edit,B0_baseline_xelatex,20260321-012309-372-5d4f2969,False,True,ok,7069.232,7061.52,14130.752,False,True,0,,,
v0.2-prime-measure,W1_text_math,S3_figure_edit,B0_baseline_xelatex,20260321-012723-278-4751b316,False,True,ok,7057.667,7041.554,14099.221,False,True,0,,,
v0.2-prime-measure,W1_text_math,S3_figure_edit,B0_baseline_xelatex,20260321-015741-799-b287c86b,False,True,ok,7064.684,7070.558,14135.242,False,True,0,,,
v0.2-prime-measure,W1_text_math,S3_figure_edit,B1_latexmk,20260320-180337-475-e43f7608,False,True,ok,8015.719,4022.464,12038.183,False,True,0,,,
v0.2-prime-measure,W1_text_math,S3_figure_edit,B1_latexmk,20260320-192633-183-1027494d,False,True,ok,8017.343,4020.323,12037.666,False,True,0,,,
v0.2-prime-measure,W1_text_math,S3_figure_edit,B1_latexmk,20260320-195200-372-0f2adff5,False,True,ok,8019.777,4011.459,12031.236,False,True,0,,,
v0.2-prime-measure,W1_text_math,S3_figure_edit,B1_latexmk,20260320-201204-727-2a048ee1,False,True,ok,8021.993,4010.362,12032.355,False,True,0,,,
v0.2-prime-measure,W1_text_math,S3_figure_edit,B1_latexmk,20260320-203347-558-9379b107,False,True,ok,8017.149,4020.491,12037.64,False,True,0,,,
v0.2-prime-measure,W1_text_math,S3_figure_edit,B1_latexmk,20260320-205342-067-66fe5359,False,True,ok,8018.289,4017.144,12035.433,False,True,0,,,
v0.2-prime-measure,W1_text_math,S3_figure_edit,B1_latexmk,20260320-212544-136-1eac484b,False,True,ok,8012.352,4021.976,12034.328,False,True,0,,,
v0.2-prime-measure,W1_text_math,S3_figure_edit,B1_latexmk,20260320-214025-911-313ed7c6,False,True,ok,8006.264,4020.6,12026.864,False,True,0,,,
v0.2-prime-measure,W1_text_math,S3_figure_edit,B1_latexmk,20260320-220505-518-66552ff2,False,True,ok,8019.294,4016.684,12035.978,False,True,0,,,
v0.2-prime-measure,W1_text_math,S3_figure_edit,B1_latexmk,20260320-223328-035-5ca767cc,False,True,ok,8010.342,4015.617,12025.959,False,True,0,,,
v0.2-prime-measure,W1_text_math,S3_figure_edit,B1_latexmk,20260320-224121-636-aff89cfb,False,True,ok,8011.323,4009.021,12020.344,False,True,0,,,
v0.2-prime-measure,W1_text_math,S3_figure_edit,B1_latexmk,20260320-231249-595-59044313,False,True,ok,8009.754,4017.342,12027.096,False,True,0,,,
v0.2-prime-measure,W1_text_math,S3_figure_edit,B1_latexmk,20260320-232955-903-99c27930,False,True,ok,8016.584,4010.278,12026.862,False,True,0,,,
v0.2-prime-measure,W1_text_math,S3_figure_edit,B1_latexmk,20260321-000139-954-f246a6d4,False,True,ok,8021.647,4025.521,12047.168,False,True,0,,,
v0.2-prime-measure,W1_text_math,S3_figure_edit,B1_latexmk,20260321-002024-077-48143747,False,True,ok,8010.964,4016.249,12027.213,False,True,0,,,
v0.2-prime-measure,W1_text_math,S3_figure_edit,B1_latexmk,20260321-002545-484-d7b36e90,False,True,ok,8008.664,4019.166,12027.83,False,True,0,,,
v0.2-prime-measure,W1_text_math,S3_figure_edit,B1_latexmk,20260321-004428-589-6db90903,False,True,ok,8019.304,4014.718,12034.022,False,True,0,,,
v0.2-prime-measure,W1_text_math,S3_figure_edit,B1_latexmk,20260321-011715-414-0b875fe7,False,True,ok,8018.622,4010.78,12029.402,False,True,0,,,
v0.2-prime-measure,W1_text_math,S3_figure_edit,B1_latexmk,20260321-012650-032-fd924936,False,True,ok,8014.417,4014.639,12029.056,False,True,0,,,
v0.2-prime-measure,W1_text_math,S3_figure_edit,B1_latexmk,20260321-020811-385-626510a4,False,True,ok,8017.164,4024.883,12042.047,False,True,0,,,
v0.2-prime-measure,W1_text_math,S4_preamble_edit,B0_baseline_xelatex,20260320-181605-632-24a233d4,False,True,ok,7056.432,7065.152,14121.584,False,True,0,,,
v0.2-prime-measure,W1_text_math,S4_preamble_edit,B0_baseline_xelatex,20260320-194125-385-8501df92,False,True,ok,7065.145,7071.639,14136.784,False,True,0,,,
v0.2-prime-measure,W1_text_math,S4_preamble_edit,B0_baseline_xelatex,20260320-195446-537-03994d17,False,True,ok,7056.68,7058.803,14115.483,False,True,0,,,
v0.2-prime-measure,W1_text_math,S4_preamble_edit,B0_baseline_xelatex,20260320-202950-721-805871ce,False,True,ok,7067.555,7075.931,14143.486,False,True,0,,,
v0.2-prime-measure,W1_text_math,S4_preamble_edit,B0_baseline_xelatex,20260320-204241-622-d80ee5c8,False,True,ok,7085.243,7081.612,14166.855,False,True,0,,,
v0.2-prime-measure,W1_text_math,S4_preamble_edit,B0_baseline_xelatex,20260320-210221-154-4e5cb5e7,False,True,ok,7092.422,7066.411,14158.833,False,True,0,,,
v0.2-prime-measure,W1_text_math,S4_preamble_edit,B0_baseline_xelatex,20260320-212906-744-2a1db213,False,True,ok,7087.087,7073.717,14160.804,False,True,0,,,
v0.2-prime-measure,W1_text_math,S4_preamble_edit,B0_baseline_xelatex,20260320-215031-355-6303165a,False,True,ok,7055.296,7063.489,14118.785,False,True,0,,,
v0.2-prime-measure,W1_text_math,S4_preamble_edit,B0_baseline_xelatex,20260320-215815-198-09aa3d99,False,True,ok,7069.607,7075.195,14144.802,False,True,0,,,
v0.2-prime-measure,W1_text_math,S4_preamble_edit,B0_baseline_xelatex,20260320-221719-371-9af8d126,False,True,ok,7053.73,7082.176,14135.906,False,True,0,,,
v0.2-prime-measure,W1_text_math,S4_preamble_edit,B0_baseline_xelatex,20260320-224206-121-c7b1de34,False,True,ok,7070.746,7056.823,14127.569,False,True,0,,,
v0.2-prime-measure,W1_text_math,S4_preamble_edit,B0_baseline_xelatex,20260320-230828-827-359c837b,False,True,ok,7056.621,7073.428,14130.049,False,True,0,,,
v0.2-prime-measure,W1_text_math,S4_preamble_edit,B0_baseline_xelatex,20260320-233937-844-a5aa612c,False,True,ok,7074.955,7069.324,14144.279,False,True,0,,,
v0.2-prime-measure,W1_text_math,S4_preamble_edit,B0_baseline_xelatex,20260320-235514-860-765f016a,False,True,ok,7060.604,7074.236,14134.84,False,True,0,,,
v0.2-prime-measure,W1_text_math,S4_preamble_edit,B0_baseline_xelatex,20260321-000234-029-8ba5d0f5,False,True,ok,7065.864,7072.549,14138.413,False,True,0,,,
v0.2-prime-measure,W1_text_math,S4_preamble_edit,B0_baseline_xelatex,20260321-004156-997-4f193c4a,False,True,ok,7060.949,7067.52,14128.469,False,True,0,,,
v0.2-prime-measure,W1_text_math,S4_preamble_edit,B0_baseline_xelatex,20260321-004633-400-58f882f2,False,True,ok,7067.508,7055.892,14123.4,False,True,0,,,
v0.2-prime-measure,W1_text_math,S4_preamble_edit,B0_baseline_xelatex,20260321-011858-265-2f569265,False,True,ok,7064.504,7074.686,14139.19,False,True,0,,,
v0.2-prime-measure,W1_text_math,S4_preamble_edit,B0_baseline_xelatex,20260321-014321-320-72d2852a,False,True,ok,7050.088,7064.11,14114.198,False,True,0,,,
v0.2-prime-measure,W1_text_math,S4_preamble_edit,B0_baseline_xelatex,20260321-015927-479-35e92500,False,True,ok,7068.427,7058.906,14127.333,False,True,0,,,
v0.2-prime-measure,W1_text_math,S4_preamble_edit,B1_latexmk,20260320-175501-528-dfba956b,False,True,ok,8022.745,4023.033,12045.778,False,True,0,,,
v0.2-prime-measure,W1_text_math,S4_preamble_edit,B1_latexmk,20260320-192832-212-5f9f8984,False,True,ok,8016.237,4018.157,12034.394,False,True,0,,,
v0.2-prime-measure,W1_text_math,S4_preamble_edit,B1_latexmk,20260320-200507-820-edcd9674,False,True,ok,8005.531,4019.706,12025.237,False,True,0,,,
v0.2-prime-measure,W1_text_math,S4_preamble_edit,B1_latexmk,20260320-201041-479-518e1257,False,True,ok,8015.665,4023.142,12038.807,False,True,0,,,
v0.2-prime-measure,W1_text_math,S4_preamble_edit,B1_latexmk,20260320-203037-646-decf7b00,False,True,ok,8016.772,4014.057,12030.829,False,True,0,,,
v0.2-prime-measure,W1_text_math,S4_preamble_edit,B1_latexmk,20260320-210529-116-9a658228,False,True,ok,8021.746,4010.444,12032.19,False,True,0,,,
v0.2-prime-measure,W1_text_math,S4_preamble_edit,B1_latexmk,20260320-211823-524-49dc61ee,False,True,ok,8017.643,4013.674,12031.317,False,True,0,,,
v0.2-prime-measure,W1_text_math,S4_preamble_edit,B1_latexmk,20260320-213613-784-d5a4ff6d,False,True,ok,8008.8,4012.954,12021.754,False,True,0,,,
v0.2-prime-measure,W1_text_math,S4_preamble_edit,B1_latexmk,20260320-215533-160-36d88daf,False,True,ok,8020.302,4015.522,12035.824,False,True,0,,,
v0.2-prime-measure,W1_text_math,S4_preamble_edit,B1_latexmk,20260320-223219-412-19c8bac6,False,True,ok,8020.512,4011.062,12031.574,False,True,0,,,
v0.2-prime-measure,W1_text_math,S4_preamble_edit,B1_latexmk,20260320-224756-392-f6db2d1b,False,True,ok,8010.171,4014.564,12024.735,False,True,0,,,
v0.2-prime-measure,W1_text_math,S4_preamble_edit,B1_latexmk,20260320-231131-124-ee12be9c,False,True,ok,8021.125,4018.707,12039.832,False,True,0,,,
v0.2-prime-measure,W1_text_math,S4_preamble_edit,B1_latexmk,20260320-232903-051-667f9229,False,True,ok,8014.957,4015.486,12030.443,False,True,0,,,
v0.2-prime-measure,W1_text_math,S4_preamble_edit,B1_latexmk,20260320-235225-849-36b2e298,False,True,ok,8022.339,4020.339,12042.678,False,True,0,,,
v0.2-prime-measure,W1_text_math,S4_preamble_edit,B1_latexmk,20260321-002116-929-c17e13ba,False,True,ok,8009.073,4013.834,12022.907,False,True,0,,,
v0.2-prime-measure,W1_text_math,S4_preamble_edit,B1_latexmk,20260321-003846-174-09420665,False,True,ok,8015.766,4006.758,12022.524,False,True,0,,,
v0.2-prime-measure,W1_text_math,S4_preamble_edit,B1_latexmk,20260321-004731-070-bdbd8f62,False,True,ok,8019.823,4016.454,12036.277,False,True,0,,,
v0.2-prime-measure,W1_text_math,S4_preamble_edit,B1_latexmk,20260321-010735-206-52647e60,False,True,ok,8007.036,4017.619,12024.655,False,True,0,,,
v0.2-prime-measure,W1_text_math,S4_preamble_edit,B1_latexmk,20260321-012940-998-d2e83857,False,True,ok,8010.863,4013.931,12024.794,False,True,0,,,
v0.2-prime-measure,W1_text_math,S4_preamble_edit,B1_latexmk,20260321-015041-342-c0c2a303,False,True,ok,8010.617,4008.368,12018.985,False,True,0,,,
v0.2-prime-measure,W2_cjk_font,S0_clean_build,B0_baseline_xelatex,20260320-182239-786-d7cd5fe9,False,True,ok,0.0,7087.826,7087.826,False,True,0,,,
v0.2-prime-measure,W2_cjk_font,S0_clean_build,B0_baseline_xelatex,20260320-194234-408-7afa88f2,False,True,ok,0.0,7064.407,7064.407,False,True,0,,,
v0.2-prime-measure,W2_cjk_font,S0_clean_build,B0_baseline_xelatex,20260320-200521-270-cc729148,False,True,ok,0.0,8069.675,8069.675,False,True,0,,,
v0.2-prime-measure,W2_cjk_font,S0_clean_build,B0_baseline_xelatex,20260320-202229-284-84c61f0e,False,True,ok,0.0,7074.136,7074.136,False,True,0,,,
v0.2-prime-measure,W2_cjk_font,S0_clean_build,B0_baseline_xelatex,20260320-203600-926-95234182,False,True,ok,0.0,7053.74,7053.74,False,True,0,,,
v0.2-prime-measure,W2_cjk_font,S0_clean_build,B0_baseline_xelatex,20260320-210542-692-08468edb,False,True,ok,0.0,7065.352,7065.352,False,True,0,,,
v0.2-prime-measure,W2_cjk_font,S0_clean_build,B0_baseline_xelatex,20260320-213127-831-75a683f1,False,True,ok,0.0,7083.547,7083.547,False,True,0,,,
v0.2-prime-measure,W2_cjk_font,S0_clean_build,B0_baseline_xelatex,20260320-214131-122-72707408,False,True,ok,0.0,7087.869,7087.869,False,True,0,,,
v0.2-prime-measure,W2_cjk_font,S0_clean_build,B0_baseline_xelatex,20260320-215806-648-05c24d12,False,True,ok,0.0,7071.65,7071.65,False,True,0,,,
v0.2-prime-measure,W2_cjk_font,S0_clean_build,B0_baseline_xelatex,20260320-222155-225-a3b84c0d,False,True,ok,0.0,7073.492,7073.492,False,True,0,,,
v0.2-prime-measure,W2_cjk_font,S0_clean_build,B0_baseline_xelatex,20260320-224558-528-257153b2,False,True,ok,0.0,7069.903,7069.903,False,True,0,,,
v0.2-prime-measure,W2_cjk_font,S0_clean_build,B0_baseline_xelatex,20260320-231204-574-a98ac52f,False,True,ok,0.0,7070.132,7070.132,False,True,0,,,
v0.2-prime-measure,W2_cjk_font,S0_clean_build,B0_baseline_xelatex,20260320-233316-738-01c1e309,False,True,ok,0.0,7070.413,7070.413,False,True,0,,,
v0.2-prime-measure,W2_cjk_font,S0_clean_build,B0_baseline_xelatex,20260320-234703-762-76412e0a,False,True,ok,0.0,7087.932,7087.932,False,True,0,,,
v0.2-prime-measure,W2_cjk_font,S0_clean_build,B0_baseline_xelatex,20260321-001909-506-a1a60ea2,False,True,ok,0.0,7066.166,7066.166,False,True,0,,,
v0.2-prime-measure,W2_cjk_font,S0_clean_build,B0_baseline_xelatex,20260321-004419-791-b844e881,False,True,ok,0.0,7075.261,7075.261,False,True,0,,,
v0.2-prime-measure,W2_cjk_font,S0_clean_build,B0_baseline_xelatex,20260321-004915-474-c303d242,False,True,ok,0.0,7069.377,7069.377,False,True,0,,,
v0.2-prime-measure,W2_cjk_font,S0_clean_build,B0_baseline_xelatex,20260321-011436-227-8a122d6c,False,True,ok,0.0,7054.435,7054.435,False,True,0,,,
v0.2-prime-measure,W2_cjk_font,S0_clean_build,B0_baseline_xelatex,20260321-013402-814-d0c047a3,False,True,ok,0.0,7051.67,7051.67,False,True,0,,,
v0.2-prime-measure,W2_cjk_font,S0_clean_build,B0_baseline_xelatex,20260321-015825-489-89199c1f,False,True,ok,0.0,8071.812,8071.812,False,True,0,,,
v0.2-prime-measure,W2_cjk_font,S0_clean_build,B1_latexmk,20260320-190824-208-986a6f25,False,True,ok,0.0,9015.194,9015.194,False,True,0,,,
v0.2-prime-measure,W2_cjk_font,S0_clean_build,B1_latexmk,20260320-193345-085-4ab9ae1a,False,True,ok,0.0,9018.411,9018.411,False,True,0,,,
v0.2-prime-measure,W2_cjk_font,S0_clean_build,B1_latexmk,20260320-194822-439-41c9e958,False,True,ok,0.0,9016.224,9016.224,False,True,0,,,
v0.2-prime-measure,W2_cjk_font,S0_clean_build,B1_latexmk,20260320-201714-412-d45e3a3b,False,True,ok,0.0,9013.961,9013.961,False,True,0,,,
v0.2-prime-measure,W2_cjk_font,S0_clean_build,B1_latexmk,20260320-204930-406-2dde3591,False,True,ok,0.0,9011.768,9011.768,False,True,0,,,
v0.2-prime-measure,W2_cjk_font,S0_clean_build,B1_latexmk,20260320-205243-382-614b4d63,False,True,ok,0.0,9018.075,9018.075,False,True,0,,,
v0.2-prime-measure,W2_cjk_font,S0_clean_build,B1_latexmk,20260320-213335-439-501701af,False,True,ok,0.0,9013.327,9013.327,False,True,0,,,
v0.2-prime-measure,W2_cjk_font,S0_clean_build,B1_latexmk,20260320-215254-107-124b018e,False,True,ok,0.0,9010.881,9010.881,False,True,0,,,
v0.2-prime-measure,W2_cjk_font,S0_clean_build,B1_latexmk,20260320-221111-939-60646e76,False,True,ok,0.0,9018.864,9018.864,False,True,0,,,
v0.2-prime-measure,W2_cjk_font,S0_clean_build,B1_latexmk,20260320-223621-185-f873ae4a,False,True,ok,0.0,9017.221,9017.221,False,True,0,,,
v0.2-prime-measure,W2_cjk_font,S0_clean_build,B1_latexmk,20260320-223758-252-7abd3be3,False,True,ok,0.0,9015.603,9015.603,False,True,0,,,
v0.2-prime-measure,W2_cjk_font,S0_clean_build,B1_latexmk,20260320-231154-122-e26e09c2,False,True,ok,0.0,9019.209,9019.209,False,True,0,,,
v0.2-prime-measure,W2_cjk_font,S0_clean_build,B1_latexmk,20260320-232214-703-d954519c,False,True,ok,0.0,9014.733,9014.733,False,True,0,,,
v0.2-prime-measure,W2_cjk_font,S0_clean_build,B1_latexmk,20260320-234451-748-eb05c856,False,True,ok,0.0,9020.418,9020.418,False,True,0,,,
v0.2-prime-measure,W2_cjk_font,S0_clean_build,B1_latexmk,20260321-000153-486-a7e5129d,False,True,ok,0.0,9013.264,9013.264,False,True,0,,,
v0.2-prime-measure,W2_cjk_font,S0_clean_build,B1_latexmk,20260321-004016-570-bbfe64c6,False,True,ok,0.0,9020.588,9020.588,False,True,0,,,
v0.2-prime-measure,W2_cjk_font,S0_clean_build,B1_latexmk,20260321-010349-511-21a0eecd,False,True,ok,0.0,9017.431,9017.431,False,True,0,,,
v0.2-prime-measure,W2_cjk_font,S0_clean_build,B1_latexmk,20260321-011411-316-0a74d910,False,True,ok,0.0,9007.981,9007.981,False,True,0,,,
v0.2-prime-measure,W2_cjk_font,S0_clean_build,B1_latexmk,20260321-014749-896-69790ce2,False,True,ok,0.0,9021.041,9021.041,False,True,0,,,
v0.2-prime-measure,W2_cjk_font,S0_clean_build,B1_latexmk,20260321-015541-805-a5f64bed,False,True,ok,0.0,9010.586,9010.586,False,True,0,,,
v0.2-prime-measure,W2_cjk_font,S1_text_edit,B0_baseline_xelatex,20260320-175350-878-e61a833b,False,True,ok,7081.389,7057.242,14138.631,False,True,0,,,
v0.2-prime-measure,W2_cjk_font,S1_text_edit,B0_baseline_xelatex,20260320-193453-069-9dbdebee,False,True,ok,7077.74,7053.122,14130.862,False,True,0,,,
v0.2-prime-measure,W2_cjk_font,S1_text_edit,B0_baseline_xelatex,20260320-195839-518-31e702eb,False,True,ok,7067.387,8061.396,15128.783,False,True,0,,,
v0.2-prime-measure,W2_cjk_font,S1_text_edit,B0_baseline_xelatex,20260320-200954-741-b12f21c0,False,True,ok,7065.224,7082.337,14147.561,False,True,0,,,
v0.2-prime-measure,W2_cjk_font,S1_text_edit,B0_baseline_xelatex,20260320-204859-437-6375e129,False,True,ok,7082.738,7062.243,14144.981,False,True,0,,,
v0.2-prime-measure,W2_cjk_font,S1_text_edit,B0_baseline_xelatex,20260320-210023-916-ac430a21,False,True,ok,7066.562,7080.626,14147.188,False,True,0,,,
v0.2-prime-measure,W2_cjk_font,S1_text_edit,B0_baseline_xelatex,20260320-213237-782-beebd115,False,True,ok,7059.914,7075.746,14135.66,False,True,0,,,
v0.2-prime-measure,W2_cjk_font,S1_text_edit,B0_baseline_xelatex,20260320-213627-366-cb4aac2b,False,True,ok,8060.957,7070.528,15131.485,False,True,0,,,
v0.2-prime-measure,W2_cjk_font,S1_text_edit,B0_baseline_xelatex,20260320-215750-801-6fd9a969,False,True,ok,7069.616,7061.724,14131.34,False,True,0,,,
v0.2-prime-measure,W2_cjk_font,S1_text_edit,B0_baseline_xelatex,20260320-222028-555-2ac66d9b,False,True,ok,7056.838,7064.558,14121.396,False,True,0,,,
v0.2-prime-measure,W2_cjk_font,S1_text_edit,B0_baseline_xelatex,20260320-225514-512-b82709dd,False,True,ok,7084.441,7067.89,14152.331,False,True,0,,,
v0.2-prime-measure,W2_cjk_font,S1_text_edit,B0_baseline_xelatex,20260320-230202-029-774d1dde,False,True,ok,7053.702,7066.644,14120.346,False,True,0,,,
v0.2-prime-measure,W2_cjk_font,S1_text_edit,B0_baseline_xelatex,20260320-233922-199-79499876,False,True,ok,7073.372,7055.453,14128.825,False,True,0,,,
v0.2-prime-measure,W2_cjk_font,S1_text_edit,B0_baseline_xelatex,20260320-235010-552-27101554,False,True,ok,7078.847,7067.496,14146.343,False,True,0,,,
v0.2-prime-measure,W2_cjk_font,S1_text_edit,B0_baseline_xelatex,20260321-001059-742-a44c8675,False,True,ok,7069.527,7080.076,14149.603,False,True,0,,,
v0.2-prime-measure,W2_cjk_font,S1_text_edit,B0_baseline_xelatex,20260321-003804-113-cec260ba,False,True,ok,7078.137,7074.705,14152.842,False,True,0,,,
v0.2-prime-measure,W2_cjk_font,S1_text_edit,B0_baseline_xelatex,20260321-010415-530-d5e0fffc,False,True,ok,7067.653,7068.403,14136.056,False,True,0,,,
v0.2-prime-measure,W2_cjk_font,S1_text_edit,B0_baseline_xelatex,20260321-011027-041-12cae098,False,True,ok,8052.437,7070.042,15122.479,False,True,0,,,
v0.2-prime-measure,W2_cjk_font,S1_text_edit,B0_baseline_xelatex,20260321-012954-449-db4ec5f8,False,True,ok,7075.297,7070.263,14145.56,False,True,0,,,
v0.2-prime-measure,W2_cjk_font,S1_text_edit,B0_baseline_xelatex,20260321-015204-062-5d6a383d,False,True,ok,7049.39,7063.745,14113.135,False,True,0,,,
v0.2-prime-measure,W2_cjk_font,S1_text_edit,B1_latexmk,20260320-181704-520-dde6dc62,False,True,ok,9011.212,4011.396,13022.608,False,True,0,,,
v0.2-prime-measure,W2_cjk_font,S1_text_edit,B1_latexmk,20260320-194648-469-4063a47a,False,True,ok,9018.331,4020.151,13038.482,False,True,0,,,
v0.2-prime-measure,W2_cjk_font,S1_text_edit,B1_latexmk,20260320-200151-566-72397507,False,True,ok,9011.357,4018.046,13029.403,False,True,0,,,
v0.2-prime-measure,W2_cjk_font,S1_text_edit,B1_latexmk,20260320-202502-028-e7613217,False,True,ok,9006.473,4016.866,13023.339,False,True,0,,,
v0.2-prime-measure,W2_cjk_font,S1_text_edit,B1_latexmk,20260320-203122-057-f827b527,False,True,ok,9021.093,4021.397,13042.49,False,True,0,,,
v0.2-prime-measure,W2_cjk_font,S1_text_edit,B1_latexmk,20260320-211053-598-acd7f8d8,False,True,ok,9017.419,4023.923,13041.342,False,True,0,,,
v0.2-prime-measure,W2_cjk_font,S1_text_edit,B1_latexmk,20260320-212248-315-d4c67715,False,True,ok,9016.847,4008.906,13025.753,False,True,0,,,
v0.2-prime-measure,W2_cjk_font,S1_text_edit,B1_latexmk,20260320-215342-490-5c5fb5e9,False,True,ok,9009.78,4019.927,13029.707,False,True,0,,,
v0.2-prime-measure,W2_cjk_font,S1_text_edit,B1_latexmk,20260320-220831-663-c04021c2,False,True,ok,9015.833,4009.506,13025.339,False,True,0,,,
v0.2-prime-measure,W2_cjk_font,S1_text_edit,B1_latexmk,20260320-223037-272-37f2b08b,False,True,ok,9017.96,4023.878,13041.838,False,True,0,,,
v0.2-prime-measure,W2_cjk_font,S1_text_edit,B1_latexmk,20260320-224024-956-bac7edde,False,True,ok,9008.755,4011.382,13020.137,False,True,0,,,
v0.2-prime-measure,W2_cjk_font,S1_text_edit,B1_latexmk,20260320-230428-537-cd34c1d8,False,True,ok,9019.314,4014.406,13033.72,False,True,0,,,
v0.2-prime-measure,W2_cjk_font,S1_text_edit,B1_latexmk,20260320-232528-770-6c428fe3,False,True,ok,9021.001,4010.854,13031.855,False,True,0,,,
v0.2-prime-measure,W2_cjk_font,S1_text_edit,B1_latexmk,20260320-234956-027-c392d0b2,False,True,ok,9018.948,4017.298,13036.246,False,True,0,,,
v0.2-prime-measure,W2_cjk_font,S1_text_edit,B1_latexmk,20260321-002130-395-7b646549,False,True,ok,9014.509,4012.378,13026.887,False,True,0,,,
v0.2-prime-measure,W2_cjk_font,S1_text_edit,B1_latexmk,20260321-003708-468-2d89fa6a,False,True,ok,9017.12,4020.524,13037.644,False,True,0,,,
v0.2-prime-measure,W2_cjk_font,S1_text_edit,B1_latexmk,20260321-005754-743-b2e9ce8e,False,True,ok,9010.713,4017.446,13028.159,False,True,0,,,
v0.2-prime-measure,W2_cjk_font,S1_text_edit,B1_latexmk,20260321-011421-802-ef9dcbb3,False,True,ok,9021.795,4012.047,13033.842,False,True,0,,,
v0.2-prime-measure,W2_cjk_font,S1_text_edit,B1_latexmk,20260321-014336-919-9efbe0dc,False,True,ok,9021.984,4010.661,13032.645,False,True,0,,,
v0.2-prime-measure,W2_cjk_font,S1_text_edit,B1_latexmk,20260321-015757-454-72005344,False,True,ok,9013.978,4014.076,13028.054,False,True,0,,,
v0.2-prime-measure,W2_cjk_font,S2_bib_edit,B0_baseline_xelatex,20260320-181203-290-d9810345,False,True,ok,7053.272,7045.41,14098.682,False,True,0,,,
v0.2-prime-measure,W2_cjk_font,S2_bib_edit,B0_baseline_xelatex,20260320-194729-472-9f753ab7,False,True,ok,7053.874,7082.756,14136.63,False,True,0,,,
v0.2-prime-measure,W2_cjk_font,S2_bib_edit,B0_baseline_xelatex,20260320-195917-789-d2e16b22,False,True,ok,7055.032,7056.308,14111.34,False,True,0,,,
v0.2-prime-measure,W2_cjk_font,S2_bib_edit,B0_baseline_xelatex,20260320-202644-056-a3222c22,False,True,ok,7098.298,8072.555,15170.853,False,True,0,,,
v0.2-prime-measure,W2_cjk_font,S2_bib_edit,B0_baseline_xelatex,20260320-205106-129-f54b5fec,False,True,ok,8071.527,7056.532,15128.059,False,True,0,,,
v0.2-prime-measure,W2_cjk_font,S2_bib_edit,B0_baseline_xelatex,20260320-210039-552-fb238dff,False,True,ok,7056.291,7062.84,14119.131,False,True,0,,,
v0.2-prime-measure,W2_cjk_font,S2_bib_edit,B0_baseline_xelatex,20260320-211837-137-9d9f1387,False,True,ok,7076.192,7074.287,14150.479,False,True,0,,,
v0.2-prime-measure,W2_cjk_font,S2_bib_edit,B0_baseline_xelatex,20260320-214750-318-660dfed5,False,True,ok,8080.99,7071.747,15152.737,False,True,0,,,
v0.2-prime-measure,W2_cjk_font,S2_bib_edit,B0_baseline_xelatex,20260320-220014-114-38ca582c,False,True,ok,7073.543,7078.185,14151.728,False,True,0,,,
v0.2-prime-measure,W2_cjk_font,S2_bib_edit,B0_baseline_xelatex,20260320-222627-633-19e4e2e6,False,True,ok,7055.599,7072.725,14128.324,False,True,0,,,
v0.2-prime-measure,W2_cjk_font,S2_bib_edit,B0_baseline_xelatex,20260320-223947-874-c2bbd4ff,False,True,ok,7063.997,7075.751,14139.748,False,True,0,,,
v0.2-prime-measure,W2_cjk_font,S2_bib_edit,B0_baseline_xelatex,20260320-230039-515-05532352,False,True,ok,8057.864,7060.746,15118.61,False,True,0,,,
v0.2-prime-measure,W2_cjk_font,S2_bib_edit,B0_baseline_xelatex,20260320-233905-536-c848dfe7,False,True,ok,7066.605,8073.127,15139.732,False,True,0,,,
v0.2-prime-measure,W2_cjk_font,S2_bib_edit,B0_baseline_xelatex,20260320-234416-064-f8ccf2dc,False,True,ok,7086.059,7048.742,14134.801,False,True,0,,,
v0.2-prime-measure,W2_cjk_font,S2_bib_edit,B0_baseline_xelatex,20260321-001704-084-70a14e52,False,True,ok,7059.055,7063.507,14122.562,False,True,0,,,
v0.2-prime-measure,W2_cjk_font,S2_bib_edit,B0_baseline_xelatex,20260321-003133-645-2b7e22be,False,True,ok,7090.202,7064.646,14154.848,False,True,0,,,
v0.2-prime-measure,W2_cjk_font,S2_bib_edit,B0_baseline_xelatex,20260321-010452-735-546c7782,False,True,ok,8067.617,7052.592,15120.209,False,True,0,,,
v0.2-prime-measure,W2_cjk_font,S2_bib_edit,B0_baseline_xelatex,20260321-011538-702-99965b4a,False,True,ok,7060.931,7047.53,14108.461,False,True,0,,,
v0.2-prime-measure,W2_cjk_font,S2_bib_edit,B0_baseline_xelatex,20260321-013730-260-c177b77e,False,True,ok,7084.105,7071.737,14155.842,False,True,0,,,
v0.2-prime-measure,W2_cjk_font,S2_bib_edit,B0_baseline_xelatex,20260321-015023-682-10cc201e,False,True,ok,8055.664,8081.817,16137.481,False,True,0,,,
v0.2-prime-measure,W2_cjk_font,S2_bib_edit,B1_latexmk,20260320-182819-655-f78673dc,False,True,ok,9010.44,9014.918,18025.358,False,True,0,,,
v0.2-prime-measure,W2_cjk_font,S2_bib_edit,B1_latexmk,20260320-193855-574-d19df4ac,False,True,ok,9019.425,9015.303,18034.728,False,True,0,,,
v0.2-prime-measure,W2_cjk_font,S2_bib_edit,B1_latexmk,20260320-200101-830-955c9fcd,False,True,ok,9010.136,9022.851,18032.987,False,True,0,,,
v0.2-prime-measure,W2_cjk_font,S2_bib_edit,B1_latexmk,20260320-201021-930-47df5e6d,False,True,ok,9008.833,9019.904,18028.737,False,True,0,,,
v0.2-prime-measure,W2_cjk_font,S2_bib_edit,B1_latexmk,20260320-205001-218-6ebfc9d9,False,True,ok,9010.053,9014.454,18024.507,False,True,0,,,
v0.2-prime-measure,W2_cjk_font,S2_bib_edit,B1_latexmk,20260320-205955-071-a75945a6,False,True,ok,9011.928,9019.754,18031.682,False,True,0,,,
v0.2-prime-measure,W2_cjk_font,S2_bib_edit,B1_latexmk,20260320-211508-825-d3a93be8,False,True,ok,9010.024,9013.395,18023.419,False,True,0,,,
v0.2-prime-measure,W2_cjk_font,S2_bib_edit,B1_latexmk,20260320-215047-036-c6a18788,False,True,ok,9010.636,9007.649,18018.285,False,True,0,,,
v0.2-prime-measure,W2_cjk_font,S2_bib_edit,B1_latexmk,20260320-221052-439-34b222a9,False,True,ok,9008.619,9018.087,18026.706,False,True,0,,,
v0.2-prime-measure,W2_cjk_font,S2_bib_edit,B1_latexmk,20260320-222059-700-581dd69a,False,True,ok,9022.817,9018.175,18040.992,False,True,0,,,
v0.2-prime-measure,W2_cjk_font,S2_bib_edit,B1_latexmk,20260320-224825-493-a3e37dc1,False,True,ok,9021.109,9021.577,18042.686,False,True,0,,,
v0.2-prime-measure,W2_cjk_font,S2_bib_edit,B1_latexmk,20260320-230809-308-55f6da83,False,True,ok,9014.182,9012.85,18027.032,False,True,0,,,
v0.2-prime-measure,W2_cjk_font,S2_bib_edit,B1_latexmk,20260320-232827-989-5a94a719,False,True,ok,9020.636,9023.185,18043.821,False,True,0,,,
v0.2-prime-measure,W2_cjk_font,S2_bib_edit,B1_latexmk,20260320-234753-133-52e6baa1,False,True,ok,9010.305,9011.666,18021.971,False,True,0,,,
v0.2-prime-measure,W2_cjk_font,S2_bib_edit,B1_latexmk,20260321-000417-412-f4819777,False,True,ok,9022.232,9008.776,18031.008,False,True,0,,,
v0.2-prime-measure,W2_cjk_font,S2_bib_edit,B1_latexmk,20260321-003744-631-416e1c8b,False,True,ok,9011.644,9018.24,18029.884,False,True,0,,,
v0.2-prime-measure,W2_cjk_font,S2_bib_edit,B1_latexmk,20260321-004441-980-974fbcef,False,True,ok,9016.793,9009.744,18026.537,False,True,0,,,
v0.2-prime-measure,W2_cjk_font,S2_bib_edit,B1_latexmk,20260321-010931-114-e58b7399,False,True,ok,9020.637,9016.793,18037.43,False,True,0,,,
v0.2-prime-measure,W2_cjk_font,S2_bib_edit,B1_latexmk,20260321-012703-733-fe2de8be,False,True,ok,9021.439,9009.752,18031.191,False,True,0,,,
v0.2-prime-measure,W2_cjk_font,S2_bib_edit,B1_latexmk,20260321-014800-398-96d5203c,False,True,ok,9014.481,9011.113,18025.594,False,True,0,,,
v0.2-prime-measure,W2_cjk_font,S3_figure_edit,B0_baseline_xelatex,20260320-183856-200-67c6afbb,False,True,ok,7067.532,7075.595,14143.127,False,True,0,,,
v0.2-prime-measure,W2_cjk_font,S3_figure_edit,B0_baseline_xelatex,20260320-193838-862-c384178b,False,True,ok,7053.955,8078.787,15132.742,False,True,0,,,
v0.2-prime-measure,W2_cjk_font,S3_figure_edit,B0_baseline_xelatex,20260320-195823-651-8166f9c3,False,True,ok,7067.336,7073.137,14140.473,False,True,0,,,
v0.2-prime-measure,W2_cjk_font,S3_figure_edit,B0_baseline_xelatex,20260320-202040-280-4269a4ac,False,True,ok,7075.39,7071.655,14147.045,False,True,0,,,
v0.2-prime-measure,W2_cjk_font,S3_figure_edit,B0_baseline_xelatex,20260320-204311-946-69e25fee,False,True,ok,7068.578,7078.845,14147.423,False,True,0,,,
v0.2-prime-measure,W2_cjk_font,S3_figure_edit,B0_baseline_xelatex,20260320-205834-289-ffa7cdfc,False,True,ok,7068.986,7060.07,14129.056,False,True,0,,,
v0.2-prime-measure,W2_cjk_font,S3_figure_edit,B0_baseline_xelatex,20260320-212302-844-9abb985a,False,True,ok,7060.788,7080.096,14140.884,False,True,0,,,
v0.2-prime-measure,W2_cjk_font,S3_figure_edit,B0_baseline_xelatex,20260320-213513-502-0ef6b48e,False,True,ok,7071.818,7068.102,14139.92,False,True,0,,,
v0.2-prime-measure,W2_cjk_font,S3_figure_edit,B0_baseline_xelatex,20260320-221337-460-ca95436c,False,True,ok,7081.374,7069.727,14151.101,False,True,0,,,
v0.2-prime-measure,W2_cjk_font,S3_figure_edit,B0_baseline_xelatex,20260320-223341-471-56f7051c,False,True,ok,7057.392,7079.645,14137.037,False,True,0,,,
v0.2-prime-measure,W2_cjk_font,S3_figure_edit,B0_baseline_xelatex,20260320-224307-206-543ab940,False,True,ok,7077.59,7065.035,14142.625,False,True,0,,,
v0.2-prime-measure,W2_cjk_font,S3_figure_edit,B0_baseline_xelatex,20260320-231103-920-cf0cc620,False,True,ok,7064.613,7063.868,14128.481,False,True,0,,,
v0.2-prime-measure,W2_cjk_font,S3_figure_edit,B0_baseline_xelatex,20260320-233152-564-59672818,False,True,ok,7054.252,7071.156,14125.408,False,True,0,,,
v0.2-prime-measure,W2_cjk_font,S3_figure_edit,B0_baseline_xelatex,20260320-234255-831-129c815c,False,True,ok,7070.056,7065.617,14135.673,False,True,0,,,
v0.2-prime-measure,W2_cjk_font,S3_figure_edit,B0_baseline_xelatex,20260321-000826-312-fc3970ce,False,True,ok,8054.888,7070.9,15125.788,False,True,0,,,
v0.2-prime-measure,W2_cjk_font,S3_figure_edit,B0_baseline_xelatex,20260321-003210-726-bd5269bb,False,True,ok,7066.839,7064.893,14131.732,False,True,0,,,
v0.2-prime-measure,W2_cjk_font,S3_figure_edit,B0_baseline_xelatex,20260321-005054-140-44b1dcda,False,True,ok,7057.196,7056.598,14113.794,False,True,0,,,
v0.2-prime-measure,W2_cjk_font,S3_figure_edit,B0_baseline_xelatex,20260321-011043-608-96156fc1,False,True,ok,7067.623,7069.682,14137.305,False,True,0,,,
v0.2-prime-measure,W2_cjk_font,S3_figure_edit,B0_baseline_xelatex,20260321-014428-630-24cbcc07,False,True,ok,7063.901,7064.123,14128.024,False,True,0,,,
v0.2-prime-measure,W2_cjk_font,S3_figure_edit,B0_baseline_xelatex,20260321-020727-943-c5386e23,False,True,ok,8065.637,7064.154,15129.791,False,True,0,,,
v0.2-prime-measure,W2_cjk_font,S3_figure_edit,B1_latexmk,20260320-192618-752-69fb567d,False,True,ok,9017.016,4013.419,13030.435,False,True,0,,,
v0.2-prime-measure,W2_cjk_font,S3_figure_edit,B1_latexmk,20260320-192845-778-70660bf8,False,True,ok,9022.392,4010.854,13033.246,False,True,0,,,
v0.2-prime-measure,W2_cjk_font,S3_figure_edit,B1_latexmk,20260320-195519-595-c776c9e6,False,True,ok,9017.212,4019.44,13036.652,False,True,0,,,
v0.2-prime-measure,W2_cjk_font,S3_figure_edit,B1_latexmk,20260320-202405-464-8a96afd9,False,True,ok,9013.946,4019.159,13033.105,False,True,0,,,
v0.2-prime-measure,W2_cjk_font,S3_figure_edit,B1_latexmk,20260320-204327-610-778080e5,False,True,ok,9015.025,4012.317,13027.342,False,True,0,,,
v0.2-prime-measure,W2_cjk_font,S3_figure_edit,B1_latexmk,20260320-205819-870-c563a7d1,False,True,ok,9011.138,4014.623,13025.761,False,True,0,,,
v0.2-prime-measure,W2_cjk_font,S3_figure_edit,B1_latexmk,20260320-212652-341-7bd6ab60,False,True,ok,9019.745,4008.768,13028.513,False,True,0,,,
v0.2-prime-measure,W2_cjk_font,S3_figure_edit,B1_latexmk,20260320-215239-749-ec8dc257,False,True,ok,9020.353,4017.521,13037.874,False,True,0,,,
v0.2-prime-measure,W2_cjk_font,S3_figure_edit,B1_latexmk,20260320-220243-859-7ba13cc4,False,True,ok,9017.289,4013.404,13030.693,False,True,0,,,
v0.2-prime-measure,W2_cjk_font,S3_figure_edit,B1_latexmk,20260320-222119-254-9c35b30a,False,True,ok,9017.05,4014.091,13031.141,False,True,0,,,
v0.2-prime-measure,W2_cjk_font,S3_figure_edit,B1_latexmk,20260320-224543-807-59ccbfba,False,True,ok,9023.641,4014.036,13037.677,False,True,0,,,
v0.2-prime-measure,W2_cjk_font,S3_figure_edit,B1_latexmk,20260320-231049-391-3a66c4b7,False,True,ok,9010.151,4024.82,13034.971,False,True,0,,,
v0.2-prime-measure,W2_cjk_font,S3_figure_edit,B1_latexmk,20260320-232119-197-604202ec,False,True,ok,9010.864,4011.124,13021.988,False,True,0,,,
v0.2-prime-measure,W2_cjk_font,S3_figure_edit,B1_latexmk,20260320-235714-898-d7c9a7ff,False,True,ok,9015.666,4014.228,13029.894,False,True,0,,,
v0.2-prime-measure,W2_cjk_font,S3_figure_edit,B1_latexmk,20260321-000811-825-18c7c455,False,True,ok,9015.006,4011.62,13026.626,False,True,0,,,
v0.2-prime-measure,W2_cjk_font,S3_figure_edit,B1_latexmk,20260321-003626-223-07efc335,False,True,ok,10014.966,4021.678,14036.644,False,True,0,,,
v0.2-prime-measure,W2_cjk_font,S3_figure_edit,B1_latexmk,20260321-004618-835-1183a1e5,False,True,ok,9017.907,4012.769,13030.676,False,True,0,,,
v0.2-prime-measure,W2_cjk_font,S3_figure_edit,B1_latexmk,20260321-012022-879-40411b1f,False,True,ok,9010.454,4021.016,13031.47,False,True,0,,,
v0.2-prime-measure,W2_cjk_font,S3_figure_edit,B1_latexmk,20260321-013931-320-f70edc46,False,True,ok,9014.719,4020.325,13035.044,False,True,0,,,
v0.2-prime-measure,W2_cjk_font,S3_figure_edit,B1_latexmk,20260321-020556-974-1b230bf5,False,True,ok,9022.476,4017.081,13039.557,False,True,0,,,
v0.2-prime-measure,W2_cjk_font,S4_preamble_edit,B0_baseline_xelatex,20260320-183440-061-57ccf3f3,False,True,ok,8074.299,7054.788,15129.087,False,True,0,,,
v0.2-prime-measure,W2_cjk_font,S4_preamble_edit,B0_baseline_xelatex,20260320-193318-864-b7baf0a3,False,True,ok,8073.797,7061.089,15134.886,False,True,0,,,
v0.2-prime-measure,W2_cjk_font,S4_preamble_edit,B0_baseline_xelatex,20260320-195600-947-bddef9cb,False,True,ok,7068.457,7080.729,14149.186,False,True,0,,,
v0.2-prime-measure,W2_cjk_font,S4_preamble_edit,B0_baseline_xelatex,20260320-200939-179-b78bd442,False,True,ok,7079.186,7056.814,14136.0,False,True,0,,,
v0.2-prime-measure,W2_cjk_font,S4_preamble_edit,B0_baseline_xelatex,20260320-203021-967-ac377085,False,True,ok,7083.046,7054.735,14137.781,False,True,0,,,
v0.2-prime-measure,W2_cjk_font,S4_preamble_edit,B0_baseline_xelatex,20260320-210236-777-543e9370,False,True,ok,7064.15,7061.773,14125.923,False,True,0,,,
v0.2-prime-measure,W2_cjk_font,S4_preamble_edit,B0_baseline_xelatex,20260320-212722-199-2e676137,False,True,ok,7064.444,7069.389,14133.833,False,True,0,,,
v0.2-prime-measure,W2_cjk_font,S4_preamble_edit,B0_baseline_xelatex,20260320-214431-419-2bd473f5,False,True,ok,7073.232,7048.894,14122.126,False,True,0,,,
v0.2-prime-measure,W2_cjk_font,S4_preamble_edit,B0_baseline_xelatex,20260320-220104-937-5991ae48,False,True,ok,7053.064,7056.284,14109.348,False,True,0,,,
v0.2-prime-measure,W2_cjk_font,S4_preamble_edit,B0_baseline_xelatex,20260320-222643-340-4c502e98,False,True,ok,7052.468,7055.996,14108.464,False,True,0,,,
v0.2-prime-measure,W2_cjk_font,S4_preamble_edit,B0_baseline_xelatex,20260320-225606-602-9cd549ad,False,True,ok,7074.43,7070.243,14144.673,False,True,0,,,
v0.2-prime-measure,W2_cjk_font,S4_preamble_edit,B0_baseline_xelatex,20260320-230023-783-3b11613b,False,True,ok,7064.832,7093.323,14158.155,False,True,0,,,
v0.2-prime-measure,W2_cjk_font,S4_preamble_edit,B0_baseline_xelatex,20260320-232654-697-58f7e100,False,True,ok,7078.54,7052.283,14130.823,False,True,0,,,
v0.2-prime-measure,W2_cjk_font,S4_preamble_edit,B0_baseline_xelatex,20260320-234940-195-5e89d9f2,False,True,ok,7067.867,7060.176,14128.043,False,True,0,,,
v0.2-prime-measure,W2_cjk_font,S4_preamble_edit,B0_baseline_xelatex,20260321-000452-429-cc48fb4e,False,True,ok,8053.426,7064.145,15117.571,False,True,0,,,
v0.2-prime-measure,W2_cjk_font,S4_preamble_edit,B0_baseline_xelatex,20260321-002452-771-c4e0373a,False,True,ok,8065.11,7081.244,15146.354,False,True,0,,,
v0.2-prime-measure,W2_cjk_font,S4_preamble_edit,B0_baseline_xelatex,20260321-005902-629-7f9e91b2,False,True,ok,7068.945,7058.578,14127.523,False,True,0,,,
v0.2-prime-measure,W2_cjk_font,S4_preamble_edit,B0_baseline_xelatex,20260321-012152-552-52230041,False,True,ok,8076.947,7078.633,15155.58,False,True,0,,,
v0.2-prime-measure,W2_cjk_font,S4_preamble_edit,B0_baseline_xelatex,20260321-013559-260-ee8b0c3c,False,True,ok,7072.319,7062.345,14134.664,False,True,0,,,
v0.2-prime-measure,W2_cjk_font,S4_preamble_edit,B0_baseline_xelatex,20260321-020541-267-403c89d7,False,True,ok,7064.356,7077.37,14141.726,False,True,0,,,
v0.2-prime-measure,W2_cjk_font,S4_preamble_edit,B1_latexmk,20260320-185510-153-94ec2636,False,True,ok,9017.719,4017.132,13034.851,False,True,0,,,
v0.2-prime-measure,W2_cjk_font,S4_preamble_edit,B1_latexmk,20260320-192755-823-45ce39a8,False,True,ok,9019.82,4021.784,13041.604,False,True,0,,,
v0.2-prime-measure,W2_cjk_font,S4_preamble_edit,B1_latexmk,20260320-200121-392-4d2e197d,False,True,ok,9020.97,4014.911,13035.881,False,True,0,,,
v0.2-prime-measure,W2_cjk_font,S4_preamble_edit,B1_latexmk,20260320-202214-824-ac884fe9,False,True,ok,9012.148,4021.734,13033.882,False,True,0,,,
v0.2-prime-measure,W2_cjk_font,S4_preamble_edit,B1_latexmk,20260320-204257-528-9d46cffe,False,True,ok,9009.746,4011.264,13021.01,False,True,0,,,
v0.2-prime-measure,W2_cjk_font,S4_preamble_edit,B1_latexmk,20260320-210252-462-bc07a15a,False,True,ok,9012.437,4011.348,13023.785,False,True,0,,,
v0.2-prime-measure,W2_cjk_font,S4_preamble_edit,B1_latexmk,20260320-212445-219-2d41887e,False,True,ok,9018.218,4009.795,13028.013,False,True,0,,,
v0.2-prime-measure,W2_cjk_font,S4_preamble_edit,B1_latexmk,20260320-214735-742-c7965416,False,True,ok,9008.718,4020.369,13029.087,False,True,0,,,
v0.2-prime-measure,W2_cjk_font,S4_preamble_edit,B1_latexmk,20260320-215457-068-8fe12745,False,True,ok,9023.459,4011.461,13034.92,False,True,0,,,
v0.2-prime-measure,W2_cjk_font,S4_preamble_edit,B1_latexmk,20260320-222613-071-b8144ec1,False,True,ok,9012.982,4020.254,13033.236,False,True,0,,,
v0.2-prime-measure,W2_cjk_font,S4_preamble_edit,B1_latexmk,20260320-224237-203-ab9a524e,False,True,ok,9018.708,4014.985,13033.693,False,True,0,,,
v0.2-prime-measure,W2_cjk_font,S4_preamble_edit,B1_latexmk,20260320-230637-177-f2206897,False,True,ok,9009.3,4017.802,13027.102,False,True,0,,,
v0.2-prime-measure,W2_cjk_font,S4_preamble_edit,B1_latexmk,20260320-232133-708-66b9f93f,False,True,ok,9023.562,4022.678,13046.24,False,True,0,,,
v0.2-prime-measure,W2_cjk_font,S4_preamble_edit,B1_latexmk,20260320-234712-231-5beb6c85,False,True,ok,9019.918,4008.17,13028.088,False,True,0,,,
v0.2-prime-measure,W2_cjk_font,S4_preamble_edit,B1_latexmk,20260321-000203-913-23801296,False,True,ok,9019.676,4016.308,13035.984,False,True,0,,,
v0.2-prime-measure,W2_cjk_font,S4_preamble_edit,B1_latexmk,20260321-003226-356-142b6f4a,False,True,ok,9015.702,4011.111,13026.813,False,True,0,,,
v0.2-prime-measure,W2_cjk_font,S4_preamble_edit,B1_latexmk,20260321-010251-925-5b8e5c62,False,True,ok,9012.13,4010.662,13022.792,False,True,0,,,
v0.2-prime-measure,W2_cjk_font,S4_preamble_edit,B1_latexmk,20260321-010916-301-b6df4fed,False,True,ok,9012.038,4016.925,13028.963,False,True,0,,,
v0.2-prime-measure,W2_cjk_font,S4_preamble_edit,B1_latexmk,20260321-014207-272-9c0218f7,False,True,ok,9009.17,4016.86,13026.03,False,True,0,,,
v0.2-prime-measure,W2_cjk_font,S4_preamble_edit,B1_latexmk,20260321-014947-411-fe0fad9e,False,True,ok,9010.827,4011.279,13022.106,False,True,0,,,
v0.2-prime-measure,W4_tikz,S0_clean_build,B0_baseline_xelatex,20260320-190908-921-96bb6f88,False,True,ok,0.0,10079.124,10079.124,False,True,0,,,
v0.2-prime-measure,W4_tikz,S0_clean_build,B0_baseline_xelatex,20260320-194636-938-a4a7f115,False,True,ok,0.0,10079.988,10079.988,False,True,0,,,
v0.2-prime-measure,W4_tikz,S0_clean_build,B0_baseline_xelatex,20260320-195549-488-8b470eed,False,True,ok,0.0,10081.191,10081.191,False,True,0,,,
v0.2-prime-measure,W4_tikz,S0_clean_build,B0_baseline_xelatex,20260320-201010-358-453a4975,False,True,ok,0.0,10076.865,10076.865,False,True,0,,,
v0.2-prime-measure,W4_tikz,S0_clean_build,B0_baseline_xelatex,20260320-203549-403-b283159f,False,True,ok,0.0,10073.561,10073.561,False,True,0,,,
v0.2-prime-measure,W4_tikz,S0_clean_build,B0_baseline_xelatex,20260320-210201-127-6f1b6b7d,False,True,ok,0.0,10079.203,10079.203,False,True,0,,,
v0.2-prime-measure,W4_tikz,S0_clean_build,B0_baseline_xelatex,20260320-212433-550-02a34e19,False,True,ok,0.0,10083.376,10083.376,False,True,0,,,
v0.2-prime-measure,W4_tikz,S0_clean_build,B0_baseline_xelatex,20260320-215330-947-da9083e7,False,True,ok,0.0,10044.184,10044.184,False,True,0,,,
v0.2-prime-measure,W4_tikz,S0_clean_build,B0_baseline_xelatex,20260320-221040-828-b0734831,False,True,ok,0.0,10078.11,10078.11,False,True,0,,,
v0.2-prime-measure,W4_tikz,S0_clean_build,B0_baseline_xelatex,20260320-221908-013-6f67779b,False,True,ok,0.0,10082.01,10082.01,False,True,0,,,
v0.2-prime-measure,W4_tikz,S0_clean_build,B0_baseline_xelatex,20260320-225034-092-ed8a369e,False,True,ok,0.0,10077.078,10077.078,False,True,0,,,
v0.2-prime-measure,W4_tikz,S0_clean_build,B0_baseline_xelatex,20260320-231119-548-35699aa2,False,True,ok,0.0,10061.956,10061.956,False,True,0,,,
v0.2-prime-measure,W4_tikz,S0_clean_build,B0_baseline_xelatex,20260320-233325-273-7077bea8,False,True,ok,0.0,10066.017,10066.017,False,True,0,,,
v0.2-prime-measure,W4_tikz,S0_clean_build,B0_baseline_xelatex,20260320-234431-724-5cccea83,False,True,ok,0.0,10085.727,10085.727,False,True,0,,,
v0.2-prime-measure,W4_tikz,S0_clean_build,B0_baseline_xelatex,20260321-001219-156-5c260a23,False,True,ok,0.0,10073.165,10073.165,False,True,0,,,
v0.2-prime-measure,W4_tikz,S0_clean_build,B0_baseline_xelatex,20260321-003122-115-d32e7296,False,True,ok,0.0,10051.728,10051.728,False,True,0,,,
v0.2-prime-measure,W4_tikz,S0_clean_build,B0_baseline_xelatex,20260321-004904-034-3e6feca9,False,True,ok,0.0,10062.445,10062.445,False,True,0,,,
v0.2-prime-measure,W4_tikz,S0_clean_build,B0_baseline_xelatex,20260321-012257-924-8b46659e,False,True,ok,0.0,10053.997,10053.997,False,True,0,,,
v0.2-prime-measure,W4_tikz,S0_clean_build,B0_baseline_xelatex,20260321-014309-778-77c2031e,False,True,ok,0.0,10077.207,10077.207,False,True,0,,,
v0.2-prime-measure,W4_tikz,S0_clean_build,B0_baseline_xelatex,20260321-020146-389-e9c10c5f,False,True,ok,0.0,10089.167,10089.167,False,True,0,,,
v0.2-prime-measure,W4_tikz,S0_clean_build,B1_latexmk,20260320-184058-499-3cf71b94,False,True,ok,0.0,10021.953,10021.953,False,True,0,,,
v0.2-prime-measure,W4_tikz,S0_clean_build,B1_latexmk,20260320-193930-663-4bc0203e,False,True,ok,0.0,10020.988,10020.988,False,True,0,,,
v0.2-prime-measure,W4_tikz,S0_clean_build,B1_latexmk,20260320-195419-492-d34875f3,False,True,ok,0.0,10017.788,10017.788,False,True,0,,,
v0.2-prime-measure,W4_tikz,S0_clean_build,B1_latexmk,20260320-200912-303-235a8e2e,False,True,ok,0.0,10016.903,10016.903,False,True,0,,,
v0.2-prime-measure,W4_tikz,S0_clean_build,B1_latexmk,20260320-204444-110-45714972,False,True,ok,0.0,10009.583,10009.583,False,True,0,,,
v0.2-prime-measure,W4_tikz,S0_clean_build,B1_latexmk,20260320-211042-019-4c9d3f2e,False,True,ok,0.0,10017.845,10017.845,False,True,0,,,
v0.2-prime-measure,W4_tikz,S0_clean_build,B1_latexmk,20260320-212855-116-f732a3d1,False,True,ok,0.0,10007.349,10007.349,False,True,0,,,
v0.2-prime-measure,W4_tikz,S0_clean_build,B1_latexmk,20260320-214014-542-83b1a6fd,False,True,ok,0.0,10008.589,10008.589,False,True,0,,,
v0.2-prime-measure,W4_tikz,S0_clean_build,B1_latexmk,20260320-221552-828-9ea14cd8,False,True,ok,0.0,10009.53,10009.53,False,True,0,,,
v0.2-prime-measure,W4_tikz,S0_clean_build,B1_latexmk,20260320-222902-240-114294d6,False,True,ok,0.0,10013.352,10013.352,False,True,0,,,
v0.2-prime-measure,W4_tikz,S0_clean_build,B1_latexmk,20260320-223808-701-2cb44cf6,False,True,ok,0.0,10019.775,10019.775,False,True,0,,,
v0.2-prime-measure,W4_tikz,S0_clean_build,B1_latexmk,20260320-231418-022-cf76c4e1,False,True,ok,0.0,10019.676,10019.676,False,True,0,,,
v0.2-prime-measure,W4_tikz,S0_clean_build,B1_latexmk,20260320-234009-309-5fb554c5,False,True,ok,0.0,10016.725,10016.725,False,True,0,,,
v0.2-prime-measure,W4_tikz,S0_clean_build,B1_latexmk,20260320-234351-037-99a97c2f,False,True,ok,0.0,10012.329,10012.329,False,True,0,,,
v0.2-prime-measure,W4_tikz,S0_clean_build,B1_latexmk,20260321-001230-620-b10f5439,False,True,ok,0.0,10017.384,10017.384,False,True,0,,,
v0.2-prime-measure,W4_tikz,S0_clean_build,B1_latexmk,20260321-003256-356-161a3834,False,True,ok,0.0,10009.433,10009.433,False,True,0,,,
v0.2-prime-measure,W4_tikz,S0_clean_build,B1_latexmk,20260321-004924-008-53723be7,False,True,ok,0.0,10015.143,10015.143,False,True,0,,,
v0.2-prime-measure,W4_tikz,S0_clean_build,B1_latexmk,20260321-011620-737-b75b7270,False,True,ok,0.0,10020.213,10020.213,False,True,0,,,
v0.2-prime-measure,W4_tikz,S0_clean_build,B1_latexmk,20260321-014444-286-cfcfceaf,False,True,ok,0.0,10007.067,10007.067,False,True,0,,,
v0.2-prime-measure,W4_tikz,S0_clean_build,B1_latexmk,20260321-015054-841-92d9cf6f,False,True,ok,0.0,10007.381,10007.381,False,True,0,,,
v0.2-prime-measure,W4_tikz,S1_text_edit,B0_baseline_xelatex,20260320-181823-898-c9c233a8,False,True,ok,10058.997,10066.355,20125.352,False,True,0,,,
v0.2-prime-measure,W4_tikz,S1_text_edit,B0_baseline_xelatex,20260320-194343-120-33eecae3,False,True,ok,10082.136,10067.938,20150.074,False,True,0,,,
v0.2-prime-measure,W4_tikz,S1_text_edit,B0_baseline_xelatex,20260320-195357-827-1d11af4e,False,True,ok,10077.491,10060.249,20137.74,False,True,0,,,
v0.2-prime-measure,W4_tikz,S1_text_edit,B0_baseline_xelatex,20260320-201055-041-a4b0368d,False,True,ok,10080.25,10082.475,20162.725,False,True,0,,,
v0.2-prime-measure,W4_tikz,S1_text_edit,B0_baseline_xelatex,20260320-203752-416-e2947b7f,False,True,ok,10064.812,10073.982,20138.794,False,True,0,,,
v0.2-prime-measure,W4_tikz,S1_text_edit,B0_baseline_xelatex,20260320-205648-113-002afd12,False,True,ok,10056.268,10047.984,20104.252,False,True,0,,,
v0.2-prime-measure,W4_tikz,S1_text_edit,B0_baseline_xelatex,20260320-212318-466-8f0c1e25,False,True,ok,10062.0,10067.773,20129.773,False,True,0,,,
v0.2-prime-measure,W4_tikz,S1_text_edit,B0_baseline_xelatex,20260320-214109-494-f6cac7d9,False,True,ok,10056.002,10061.833,20117.835,False,True,0,,,
v0.2-prime-measure,W4_tikz,S1_text_edit,B0_baseline_xelatex,20260320-221201-521-19d89c78,False,True,ok,10073.604,10077.816,20151.42,False,True,0,,,
v0.2-prime-measure,W4_tikz,S1_text_edit,B0_baseline_xelatex,20260320-221657-681-7ce7feef,False,True,ok,10049.631,10072.255,20121.886,False,True,0,,,
v0.2-prime-measure,W4_tikz,S1_text_edit,B0_baseline_xelatex,20260320-224734-637-24bc587b,False,True,ok,10064.458,10064.614,20129.072,False,True,0,,,
v0.2-prime-measure,W4_tikz,S1_text_edit,B0_baseline_xelatex,20260320-231303-074-11b69e6e,False,True,ok,10075.78,10072.017,20147.797,False,True,0,,,
v0.2-prime-measure,W4_tikz,S1_text_edit,B0_baseline_xelatex,20260320-233336-683-29ab1067,False,True,ok,10066.327,10054.217,20120.544,False,True,0,,,
v0.2-prime-measure,W4_tikz,S1_text_edit,B0_baseline_xelatex,20260320-234626-597-f37d3391,False,True,ok,10091.376,10068.721,20160.097,False,True,0,,,
v0.2-prime-measure,W4_tikz,S1_text_edit,B0_baseline_xelatex,20260321-002002-536-cb2331b8,False,True,ok,10071.236,10057.14,20128.376,False,True,0,,,
v0.2-prime-measure,W4_tikz,S1_text_edit,B0_baseline_xelatex,20260321-002838-774-f807af1f,False,True,ok,10064.647,10090.366,20155.013,False,True,0,,,
v0.2-prime-measure,W4_tikz,S1_text_edit,B0_baseline_xelatex,20260321-005449-403-8d1d81a8,False,True,ok,10061.788,10065.204,20126.992,False,True,0,,,
v0.2-prime-measure,W4_tikz,S1_text_edit,B0_baseline_xelatex,20260321-011214-692-5a5bd023,False,True,ok,10062.101,10086.529,20148.63,False,True,0,,,
v0.2-prime-measure,W4_tikz,S1_text_edit,B0_baseline_xelatex,20260321-013045-946-b3f0ab74,False,True,ok,10043.451,10042.73,20086.181,False,True,0,,,
v0.2-prime-measure,W4_tikz,S1_text_edit,B0_baseline_xelatex,20260321-020611-527-82609f20,False,True,ok,10070.705,10062.861,20133.566,False,True,0,,,
v0.2-prime-measure,W4_tikz,S1_text_edit,B1_latexmk,20260320-175234-031-8a8373e7,False,True,ok,10014.852,4017.615,14032.467,False,True,0,,,
v0.2-prime-measure,W4_tikz,S1_text_edit,B1_latexmk,20260320-193915-133-d3879a2d,False,True,ok,10014.607,4022.288,14036.895,False,True,0,,,
v0.2-prime-measure,W4_tikz,S1_text_edit,B1_latexmk,20260320-195534-084-3b05fd1e,False,True,ok,10013.099,4023.098,14036.197,False,True,0,,,
v0.2-prime-measure,W4_tikz,S1_text_edit,B1_latexmk,20260320-200923-760-056dead1,False,True,ok,10015.829,4025.052,14040.881,False,True,0,,,
v0.2-prime-measure,W4_tikz,S1_text_edit,B1_latexmk,20260320-204915-020-e456b2ca,False,True,ok,10010.262,4021.33,14031.592,False,True,0,,,
v0.2-prime-measure,W4_tikz,S1_text_edit,B1_latexmk,20260320-210630-627-1ae9c287,False,True,ok,10015.194,4015.995,14031.189,False,True,0,,,
v0.2-prime-measure,W4_tikz,S1_text_edit,B1_latexmk,20260320-212706-780-e9202ed8,False,True,ok,10020.692,4019.113,14039.805,False,True,0,,,
v0.2-prime-measure,W4_tikz,S1_text_edit,B1_latexmk,20260320-215410-526-7df2a858,False,True,ok,10016.64,4022.363,14039.003,False,True,0,,,
v0.2-prime-measure,W4_tikz,S1_text_edit,B1_latexmk,20260320-221244-835-8efc343f,False,True,ok,10014.724,4022.969,14037.693,False,True,0,,,
v0.2-prime-measure,W4_tikz,S1_text_edit,B1_latexmk,20260320-221919-545-5875040e,False,True,ok,10008.79,4010.525,14019.315,False,True,0,,,
v0.2-prime-measure,W4_tikz,S1_text_edit,B1_latexmk,20260320-225622-178-2b7a84d5,False,True,ok,10022.383,4023.294,14045.677,False,True,0,,,
v0.2-prime-measure,W4_tikz,S1_text_edit,B1_latexmk,20260320-231012-006-a31207de,False,True,ok,10022.636,4023.766,14046.402,False,True,0,,,
v0.2-prime-measure,W4_tikz,S1_text_edit,B1_latexmk,20260320-233424-747-5c96f48c,False,True,ok,10013.081,4010.557,14023.638,False,True,0,,,
v0.2-prime-measure,W4_tikz,S1_text_edit,B1_latexmk,20260320-234611-092-e839472f,False,True,ok,10015.192,4020.337,14035.529,False,True,0,,,
v0.2-prime-measure,W4_tikz,S1_text_edit,B1_latexmk,20260321-000437-071-5f0e09a3,False,True,ok,10010.782,4021.28,14032.062,False,True,0,,,
v0.2-prime-measure,W4_tikz,S1_text_edit,B1_latexmk,20260321-002823-252-4025affa,False,True,ok,10012.815,4012.186,14025.001,False,True,0,,,
v0.2-prime-measure,W4_tikz,S1_text_edit,B1_latexmk,20260321-005136-349-4483bfb6,False,True,ok,10021.987,4021.373,14043.36,False,True,0,,,
v0.2-prime-measure,W4_tikz,S1_text_edit,B1_latexmk,20260321-011159-189-8d09265f,False,True,ok,10016.545,4008.405,14024.95,False,True,0,,,
v0.2-prime-measure,W4_tikz,S1_text_edit,B1_latexmk,20260321-014413-088-94263485,False,True,ok,10022.735,4017.588,14040.323,False,True,0,,,
v0.2-prime-measure,W4_tikz,S1_text_edit,B1_latexmk,20260321-020633-124-29b22972,False,True,ok,10010.587,4010.41,14020.997,False,True,0,,,
v0.2-prime-measure,W4_tikz,S2_bib_edit,B0_baseline_xelatex,20260320-182530-816-c15be348,False,True,ok,10069.366,10069.981,20139.347,False,True,0,,,
v0.2-prime-measure,W4_tikz,S2_bib_edit,B0_baseline_xelatex,20260320-192810-476-12d9f209,False,True,ok,10078.215,10078.723,20156.938,False,True,0,,,
v0.2-prime-measure,W4_tikz,S2_bib_edit,B0_baseline_xelatex,20260320-194745-129-a1191089,False,True,ok,10066.051,10080.906,20146.957,False,True,0,,,
v0.2-prime-measure,W4_tikz,S2_bib_edit,B0_baseline_xelatex,20260320-202113-351-01fdcf7f,False,True,ok,10071.028,10073.153,20144.181,False,True,0,,,
v0.2-prime-measure,W4_tikz,S2_bib_edit,B0_baseline_xelatex,20260320-203401-159-ea796b87,False,True,ok,10060.581,10072.08,20132.661,False,True,0,,,
v0.2-prime-measure,W4_tikz,S2_bib_edit,B0_baseline_xelatex,20260320-205742-504-403c35cb,False,True,ok,10057.286,10067.128,20124.414,False,True,0,,,
v0.2-prime-measure,W4_tikz,S2_bib_edit,B0_baseline_xelatex,20260320-213216-129-dc099197,False,True,ok,10085.894,10058.934,20144.828,False,True,0,,,
v0.2-prime-measure,W4_tikz,S2_bib_edit,B0_baseline_xelatex,20260320-214215-506-bd7f8235,False,True,ok,10060.725,10074.007,20134.732,False,True,0,,,
v0.2-prime-measure,W4_tikz,S2_bib_edit,B0_baseline_xelatex,20260320-215511-522-c0d5e91c,False,True,ok,10077.724,10061.914,20139.638,False,True,0,,,
v0.2-prime-measure,W4_tikz,S2_bib_edit,B0_baseline_xelatex,20260320-222840-573-ddc44b79,False,True,ok,10048.412,10059.276,20107.688,False,True,0,,,
v0.2-prime-measure,W4_tikz,S2_bib_edit,B0_baseline_xelatex,20260320-224135-030-0bc3d360,False,True,ok,10080.245,10069.863,20150.108,False,True,0,,,
v0.2-prime-measure,W4_tikz,S2_bib_edit,B0_baseline_xelatex,20260320-230406-743-e483ebcb,False,True,ok,10064.165,10069.766,20133.931,False,True,0,,,
v0.2-prime-measure,W4_tikz,S2_bib_edit,B0_baseline_xelatex,20260320-232245-640-cc3d9331,False,True,ok,10073.664,10067.239,20140.903,False,True,0,,,
v0.2-prime-measure,W4_tikz,S2_bib_edit,B0_baseline_xelatex,20260320-235729-418-598cca21,False,True,ok,10080.419,10056.035,20136.454,False,True,0,,,
v0.2-prime-measure,W4_tikz,S2_bib_edit,B0_baseline_xelatex,20260321-001242-061-9d209c0b,False,True,ok,10064.701,10056.51,20121.211,False,True,0,,,
v0.2-prime-measure,W4_tikz,S2_bib_edit,B0_baseline_xelatex,20260321-002559-017-b761e5e6,False,True,ok,10064.785,10074.068,20138.853,False,True,0,,,
v0.2-prime-measure,W4_tikz,S2_bib_edit,B0_baseline_xelatex,20260321-010431-210-08c220b3,False,True,ok,10071.017,10063.939,20134.956,False,True,0,,,
v0.2-prime-measure,W4_tikz,S2_bib_edit,B0_baseline_xelatex,20260321-011653-872-36119066,False,True,ok,10072.752,10081.554,20154.306,False,True,0,,,
v0.2-prime-measure,W4_tikz,S2_bib_edit,B0_baseline_xelatex,20260321-013256-407-bfaa71bb,False,True,ok,10048.085,10067.243,20115.328,False,True,0,,,
v0.2-prime-measure,W4_tikz,S2_bib_edit,B0_baseline_xelatex,20260321-015002-083-cde5fd6a,False,True,ok,10066.679,10071.327,20138.006,False,True,0,,,
v0.2-prime-measure,W4_tikz,S2_bib_edit,B1_latexmk,20260320-182656-784-633f9cf5,False,True,ok,10022.904,10023.691,20046.595,False,True,0,,,
v0.2-prime-measure,W4_tikz,S2_bib_edit,B1_latexmk,20260320-192900-320-e688c0d8,False,True,ok,10011.195,10007.102,20018.297,False,True,0,,,
v0.2-prime-measure,W4_tikz,S2_bib_edit,B1_latexmk,20260320-200425-659-8d9dc037,False,True,ok,10022.682,10015.912,20038.594,False,True,0,,,
v0.2-prime-measure,W4_tikz,S2_bib_edit,B1_latexmk,20260320-201218-179-b311abaf,False,True,ok,10022.091,10017.587,20039.678,False,True,0,,,
v0.2-prime-measure,W4_tikz,S2_bib_edit,B1_latexmk,20260320-203051-159-b32b92ae,False,True,ok,10019.519,10017.311,20036.83,False,True,0,,,
v0.2-prime-measure,W4_tikz,S2_bib_edit,B1_latexmk,20260320-210124-189-43d8ba9f,False,True,ok,10009.395,10021.442,20030.837,False,True,0,,,
v0.2-prime-measure,W4_tikz,S2_bib_edit,B1_latexmk,20260320-213106-225-b86bf707,False,True,ok,10015.216,10023.487,20038.703,False,True,0,,,
v0.2-prime-measure,W4_tikz,S2_bib_edit,B1_latexmk,20260320-215426-021-f5710487,False,True,ok,10019.206,10017.681,20036.887,False,True,0,,,
v0.2-prime-measure,W4_tikz,S2_bib_edit,B1_latexmk,20260320-221300-297-6dc1d67c,False,True,ok,10015.527,10019.553,20035.08,False,True,0,,,
v0.2-prime-measure,W4_tikz,S2_bib_edit,B1_latexmk,20260320-222551-510-6270b3c5,False,True,ok,10015.966,10020.435,20036.401,False,True,0,,,
v0.2-prime-measure,W4_tikz,S2_bib_edit,B1_latexmk,20260320-224003-547-0f0ad7e8,False,True,ok,10009.904,10011.689,20021.593,False,True,0,,,
v0.2-prime-measure,W4_tikz,S2_bib_edit,B1_latexmk,20260320-230056-113-af0d1e17,False,True,ok,10016.383,10019.598,20035.981,False,True,0,,,
v0.2-prime-measure,W4_tikz,S2_bib_edit,B1_latexmk,20260320-233440-156-ae1a7809,False,True,ok,10017.422,10009.546,20026.968,False,True,0,,,
v0.2-prime-measure,W4_tikz,S2_bib_edit,B1_latexmk,20260320-235301-130-ae9fcdf1,False,True,ok,10015.098,10018.3,20033.398,False,True,0,,,
v0.2-prime-measure,W4_tikz,S2_bib_edit,B1_latexmk,20260321-001434-315-f542864b,False,True,ok,10013.332,10022.383,20035.715,False,True,0,,,
v0.2-prime-measure,W4_tikz,S2_bib_edit,B1_latexmk,20260321-003149-224-bede8056,False,True,ok,10009.716,10016.526,20026.242,False,True,0,,,
v0.2-prime-measure,W4_tikz,S2_bib_edit,B1_latexmk,20260321-010306-406-077e9b22,False,True,ok,10017.499,10009.108,20026.607,False,True,0,,,
v0.2-prime-measure,W4_tikz,S2_bib_edit,B1_latexmk,20260321-012500-974-4f865b6f,False,True,ok,10015.785,10017.265,20033.05,False,True,0,,,
v0.2-prime-measure,W4_tikz,S2_bib_edit,B1_latexmk,20260321-013107-443-a63cf7f2,False,True,ok,10011.761,10015.902,20027.663,False,True,0,,,
v0.2-prime-measure,W4_tikz,S2_bib_edit,B1_latexmk,20260321-015219-584-15481f95,False,True,ok,10015.608,10010.213,20025.821,False,True,0,,,
v0.2-prime-measure,W4_tikz,S3_figure_edit,B0_baseline_xelatex,20260320-185629-529-b4817faa,False,True,ok,10060.16,10066.729,20126.889,False,True,0,,,
v0.2-prime-measure,W4_tikz,S3_figure_edit,B0_baseline_xelatex,20260320-193508-723-f229405b,False,True,ok,10062.766,10093.793,20156.559,False,True,0,,,
v0.2-prime-measure,W4_tikz,S3_figure_edit,B0_baseline_xelatex,20260320-195000-397-12c7275e,False,True,ok,10077.457,10059.253,20136.71,False,True,0,,,
v0.2-prime-measure,W4_tikz,S3_figure_edit,B0_baseline_xelatex,20260320-201143-120-0804384e,False,True,ok,10077.024,10077.014,20154.038,False,True,0,,,
v0.2-prime-measure,W4_tikz,S3_figure_edit,B0_baseline_xelatex,20260320-203827-616-88802215,False,True,ok,10092.664,10069.565,20162.229,False,True,0,,,
v0.2-prime-measure,W4_tikz,S3_figure_edit,B0_baseline_xelatex,20260320-205559-661-eff079fc,False,True,ok,10081.037,10067.543,20148.58,False,True,0,,,
v0.2-prime-measure,W4_tikz,S3_figure_edit,B0_baseline_xelatex,20260320-212001-885-cac51628,False,True,ok,10080.57,10081.695,20162.265,False,True,0,,,
v0.2-prime-measure,W4_tikz,S3_figure_edit,B0_baseline_xelatex,20260320-214047-848-b5f1d3a2,False,True,ok,10059.495,10080.964,20140.459,False,True,0,,,
v0.2-prime-measure,W4_tikz,S3_figure_edit,B0_baseline_xelatex,20260320-221223-189-ff235557,False,True,ok,10080.227,10075.0,20155.227,False,True,0,,,
v0.2-prime-measure,W4_tikz,S3_figure_edit,B0_baseline_xelatex,20260320-223257-947-aa85e504,False,True,ok,10078.011,10067.392,20145.403,False,True,0,,,
v0.2-prime-measure,W4_tikz,S3_figure_edit,B0_baseline_xelatex,20260320-225452-807-a356307d,False,True,ok,10063.811,10067.728,20131.539,False,True,0,,,
v0.2-prime-measure,W4_tikz,S3_figure_edit,B0_baseline_xelatex,20260320-231027-673-3f081f5f,False,True,ok,10080.723,10073.437,20154.16,False,True,0,,,
v0.2-prime-measure,W4_tikz,S3_figure_edit,B0_baseline_xelatex,20260320-234020-762-691c4490,False,True,ok,10064.878,10064.635,20129.513,False,True,0,,,
v0.2-prime-measure,W4_tikz,S3_figure_edit,B0_baseline_xelatex,20260320-235239-517-191776db,False,True,ok,10074.414,10062.215,20136.629,False,True,0,,,
v0.2-prime-measure,W4_tikz,S3_figure_edit,B0_baseline_xelatex,20260321-001157-538-19d68847,False,True,ok,10088.506,10060.009,20148.515,False,True,0,,,
v0.2-prime-measure,W4_tikz,S3_figure_edit,B0_baseline_xelatex,20260321-003723-016-2cd5d65e,False,True,ok,10064.833,10065.188,20130.021,False,True,0,,,
v0.2-prime-measure,W4_tikz,S3_figure_edit,B0_baseline_xelatex,20260321-010327-874-aeb593e0,False,True,ok,10088.224,10067.106,20155.33,False,True,0,,,
v0.2-prime-measure,W4_tikz,S3_figure_edit,B0_baseline_xelatex,20260321-011632-247-81fc044b,False,True,ok,10071.106,10058.949,20130.055,False,True,0,,,
v0.2-prime-measure,W4_tikz,S3_figure_edit,B0_baseline_xelatex,20260321-013708-524-4ef0ea8c,False,True,ok,10084.767,10075.002,20159.769,False,True,0,,,
v0.2-prime-measure,W4_tikz,S3_figure_edit,B0_baseline_xelatex,20260321-020124-840-97d117f4,False,True,ok,10069.376,10075.809,20145.185,False,True,0,,,
v0.2-prime-measure,W4_tikz,S3_figure_edit,B1_latexmk,20260320-184910-366-19f9a29f,False,True,ok,10011.75,4016.083,14027.833,False,True,0,,,
v0.2-prime-measure,W4_tikz,S3_figure_edit,B1_latexmk,20260320-193437-586-1dd6a499,False,True,ok,10011.25,4017.311,14028.561,False,True,0,,,
v0.2-prime-measure,W4_tikz,S3_figure_edit,B1_latexmk,20260320-195431-001-ff9679a8,False,True,ok,10008.644,4013.031,14021.675,False,True,0,,,
v0.2-prime-measure,W4_tikz,S3_figure_edit,B1_latexmk,20260320-202446-604-64294834,False,True,ok,10012.274,4019.318,14031.592,False,True,0,,,
v0.2-prime-measure,W4_tikz,S3_figure_edit,B1_latexmk,20260320-203609-422-6ddcbcc5,False,True,ok,10010.892,4017.55,14028.442,False,True,0,,,
v0.2-prime-measure,W4_tikz,S3_figure_edit,B1_latexmk,20260320-210145-613-8d0edf54,False,True,ok,10018.909,4017.747,14036.656,False,True,0,,,
v0.2-prime-measure,W4_tikz,S3_figure_edit,B1_latexmk,20260320-212922-360-3f141d38,False,True,ok,10016.43,4018.061,14034.491,False,True,0,,,
v0.2-prime-measure,W4_tikz,S3_figure_edit,B1_latexmk,20260320-214200-053-c3e1adbc,False,True,ok,10022.597,4014.002,14036.599,False,True,0,,,
v0.2-prime-measure,W4_tikz,S3_figure_edit,B1_latexmk,20260320-220228-404-295cad4d,False,True,ok,10014.832,4022.799,14037.631,False,True,0,,,
v0.2-prime-measure,W4_tikz,S3_figure_edit,B1_latexmk,20260320-222044-242-bc89b8c7,False,True,ok,10021.453,4012.691,14034.144,False,True,0,,,
v0.2-prime-measure,W4_tikz,S3_figure_edit,B1_latexmk,20260320-224251-666-d874c540,False,True,ok,10023.377,4014.588,14037.965,False,True,0,,,
v0.2-prime-measure,W4_tikz,S3_figure_edit,B1_latexmk,20260320-230146-603-6ac7d591,False,True,ok,10013.816,4008.281,14022.097,False,True,0,,,
v0.2-prime-measure,W4_tikz,S3_figure_edit,B1_latexmk,20260320-232847-676-9e493c45,False,True,ok,10012.361,4017.735,14030.096,False,True,0,,,
v0.2-prime-measure,W4_tikz,S3_figure_edit,B1_latexmk,20260320-234648-247-a5b9604a,False,True,ok,10017.848,4021.734,14039.582,False,True,0,,,
v0.2-prime-measure,W4_tikz,S3_figure_edit,B1_latexmk,20260321-001303-562-b0689c6f,False,True,ok,10007.863,4017.6,14025.463,False,True,0,,,
v0.2-prime-measure,W4_tikz,S3_figure_edit,B1_latexmk,20260321-002807-614-24fe55eb,False,True,ok,10016.412,4017.798,14034.21,False,True,0,,,
v0.2-prime-measure,W4_tikz,S3_figure_edit,B1_latexmk,20260321-005319-491-900c28cc,False,True,ok,10010.676,4019.453,14030.129,False,True,0,,,
v0.2-prime-measure,W4_tikz,S3_figure_edit,B1_latexmk,20260321-011728-777-0fedc782,False,True,ok,10012.552,4015.628,14028.18,False,True,0,,,
v0.2-prime-measure,W4_tikz,S3_figure_edit,B1_latexmk,20260321-012754-390-b089757d,False,True,ok,10007.988,4019.551,14027.539,False,True,0,,,
v0.2-prime-measure,W4_tikz,S3_figure_edit,B1_latexmk,20260321-015526-290-8ed1c05b,False,True,ok,10018.711,4008.52,14027.231,False,True,0,,,
v0.2-prime-measure,W4_tikz,S4_preamble_edit,B0_baseline_xelatex,20260320-183317-042-f274c2e7,False,True,ok,10075.885,10058.132,20134.017,False,True,0,,,
v0.2-prime-measure,W4_tikz,S4_preamble_edit,B0_baseline_xelatex,20260320-193724-539-d1516c0f,False,True,ok,10070.749,10062.993,20133.742,False,True,0,,,
v0.2-prime-measure,W4_tikz,S4_preamble_edit,B0_baseline_xelatex,20260320-195856-133-1c26fe23,False,True,ok,10072.733,10059.553,20132.286,False,True,0,,,
v0.2-prime-measure,W4_tikz,S4_preamble_edit,B0_baseline_xelatex,20260320-201450-389-66b14071,False,True,ok,10065.796,10048.464,20114.26,False,True,0,,,
v0.2-prime-measure,W4_tikz,S4_preamble_edit,B0_baseline_xelatex,20260320-205038-226-9a82e91d,False,True,ok,16126.214,10085.14,26211.354,False,True,0,,,
v0.2-prime-measure,W4_tikz,S4_preamble_edit,B0_baseline_xelatex,20260320-205320-394-bc0a10b2,False,True,ok,10086.461,10082.025,20168.486,False,True,0,,,
v0.2-prime-measure,W4_tikz,S4_preamble_edit,B0_baseline_xelatex,20260320-212630-747-d1029631,False,True,ok,10074.457,10062.085,20136.542,False,True,0,,,
v0.2-prime-measure,W4_tikz,S4_preamble_edit,B0_baseline_xelatex,20260320-215009-639-5122ed08,False,True,ok,10078.551,10054.436,20132.987,False,True,0,,,
v0.2-prime-measure,W4_tikz,S4_preamble_edit,B0_baseline_xelatex,20260320-221139-953-92c65fad,False,True,ok,10058.247,10053.731,20111.978,False,True,0,,,
v0.2-prime-measure,W4_tikz,S4_preamble_edit,B0_baseline_xelatex,20260320-222133-686-8722965e,False,True,ok,10072.103,10067.559,20139.662,False,True,0,,,
v0.2-prime-measure,W4_tikz,S4_preamble_edit,B0_baseline_xelatex,20260320-224844-859-6d243fcd,False,True,ok,10075.417,10076.279,20151.696,False,True,0,,,
v0.2-prime-measure,W4_tikz,S4_preamble_edit,B0_baseline_xelatex,20260320-230217-556-9700935d,False,True,ok,10053.746,10058.443,20112.189,False,True,0,,,
v0.2-prime-measure,W4_tikz,S4_preamble_edit,B0_baseline_xelatex,20260320-233241-587-93a35eb3,False,True,ok,10061.849,10065.533,20127.382,False,True,0,,,
v0.2-prime-measure,W4_tikz,S4_preamble_edit,B0_baseline_xelatex,20260320-235026-270-8dca06b9,False,True,ok,10058.382,10070.75,20129.132,False,True,0,,,
v0.2-prime-measure,W4_tikz,S4_preamble_edit,B0_baseline_xelatex,20260321-001412-606-d3d82b86,False,True,ok,10071.617,10066.697,20138.314,False,True,0,,,
v0.2-prime-measure,W4_tikz,S4_preamble_edit,B0_baseline_xelatex,20260321-003954-954-38aadf82,False,True,ok,10064.445,10062.518,20126.963,False,True,0,,,
v0.2-prime-measure,W4_tikz,S4_preamble_edit,B0_baseline_xelatex,20260321-005335-155-ab2ed5d1,False,True,ok,10069.528,10059.46,20128.988,False,True,0,,,
v0.2-prime-measure,W4_tikz,S4_preamble_edit,B0_baseline_xelatex,20260321-012130-795-c0bf62fe,False,True,ok,10070.422,10077.738,20148.16,False,True,0,,,
v0.2-prime-measure,W4_tikz,S4_preamble_edit,B0_baseline_xelatex,20260321-014351-389-84d9c818,False,True,ok,10067.951,10063.285,20131.236,False,True,0,,,
v0.2-prime-measure,W4_tikz,S4_preamble_edit,B0_baseline_xelatex,20260321-015719-968-4a649f69,False,True,ok,10082.721,10064.685,20147.406,False,True,0,,,
v0.2-prime-measure,W4_tikz,S4_preamble_edit,B1_latexmk,20260320-183958-430-89f1e414,False,True,ok,10010.779,4021.63,14032.409,False,True,0,,,
v0.2-prime-measure,W4_tikz,S4_preamble_edit,B1_latexmk,20260320-194109-680-49d5f9b1,False,True,ok,10010.584,4015.594,14026.178,False,True,0,,,
v0.2-prime-measure,W4_tikz,S4_preamble_edit,B1_latexmk,20260320-200841-303-fe88ff4f,False,True,ok,10011.472,4017.867,14029.339,False,True,0,,,
v0.2-prime-measure,W4_tikz,S4_preamble_edit,B1_latexmk,20260320-201605-419-de948fd3,False,True,ok,10020.666,4019.009,14039.675,False,True,0,,,
v0.2-prime-measure,W4_tikz,S4_preamble_edit,B1_latexmk,20260320-204817-328-47d73dba,False,True,ok,10010.952,4021.182,14032.134,False,True,0,,,
v0.2-prime-measure,W4_tikz,S4_preamble_edit,B1_latexmk,20260320-205727-086-82a6fd1f,False,True,ok,10014.221,4021.298,14035.519,False,True,0,,,
v0.2-prime-measure,W4_tikz,S4_preamble_edit,B1_latexmk,20260320-212615-280-5dab6596,False,True,ok,10017.615,4020.129,14037.744,False,True,0,,,
v0.2-prime-measure,W4_tikz,S4_preamble_edit,B1_latexmk,20260320-214552-749-21897761,False,True,ok,10007.095,4010.414,14017.509,False,True,0,,,
v0.2-prime-measure,W4_tikz,S4_preamble_edit,B1_latexmk,20260320-220212-855-728256d8,False,True,ok,10019.118,4012.24,14031.358,False,True,0,,,
v0.2-prime-measure,W4_tikz,S4_preamble_edit,B1_latexmk,20260320-223524-598-29eae5ea,False,True,ok,10021.867,4012.443,14034.31,False,True,0,,,
v0.2-prime-measure,W4_tikz,S4_preamble_edit,B1_latexmk,20260320-224221-684-3bfa437a,False,True,ok,10024.532,4022.907,14047.439,False,True,0,,,
v0.2-prime-measure,W4_tikz,S4_preamble_edit,B1_latexmk,20260320-230131-075-d2474b36,False,True,ok,10008.409,4010.034,14018.443,False,True,0,,,
v0.2-prime-measure,W4_tikz,S4_preamble_edit,B1_latexmk,20260320-233009-349-21cbb6b3,False,True,ok,10016.905,4011.516,14028.421,False,True,0,,,
v0.2-prime-measure,W4_tikz,S4_preamble_edit,B1_latexmk,20260320-234555-619-6468a481,False,True,ok,10021.452,4012.536,14033.988,False,True,0,,,
v0.2-prime-measure,W4_tikz,S4_preamble_edit,B1_latexmk,20260321-001142-101-e0d6ab10,False,True,ok,10013.51,4018.608,14032.118,False,True,0,,,
v0.2-prime-measure,W4_tikz,S4_preamble_edit,B1_latexmk,20260321-003913-073-2044c629,False,True,ok,10009.089,4013.398,14022.487,False,True,0,,,
v0.2-prime-measure,W4_tikz,S4_preamble_edit,B1_latexmk,20260321-004935-495-04d9828c,False,True,ok,10014.527,4013.127,14027.654,False,True,0,,,
v0.2-prime-measure,W4_tikz,S4_preamble_edit,B1_latexmk,20260321-011143-691-8d43584d,False,True,ok,10018.094,4012.372,14030.466,False,True,0,,,
v0.2-prime-measure,W4_tikz,S4_preamble_edit,B1_latexmk,20260321-013822-319-5e0e12c9,False,True,ok,10010.99,4018.082,14029.072,False,True,0,,,
v0.2-prime-measure,W4_tikz,S4_preamble_edit,B1_latexmk,20260321-020859-915-468787fd,False,True,ok,10013.783,4013.736,14027.519,False,True,0,,,
v0.2-prime-measure,W5_minted,S0_clean_build,B0_baseline_xelatex,20260320-183710-350-a79311c1,False,True,ok,0.0,43068.792,43068.792,False,True,0,,,
v0.2-prime-measure,W5_minted,S0_clean_build,B0_baseline_xelatex,20260320-194242-888-0eecd14d,False,True,ok,0.0,43061.146,43061.146,False,True,0,,,
v0.2-prime-measure,W5_minted,S0_clean_build,B0_baseline_xelatex,20260320-195022-202-4fcd2f7b,False,True,ok,0.0,43080.284,43080.284,False,True,0,,,
v0.2-prime-measure,W5_minted,S0_clean_build,B0_baseline_xelatex,20260320-201405-840-b410bd49,False,True,ok,0.0,43053.814,43053.814,False,True,0,,,
v0.2-prime-measure,W5_minted,S0_clean_build,B0_baseline_xelatex,20260320-203422-838-30b966b8,False,True,ok,0.0,43079.656,43079.656,False,True,0,,,
v0.2-prime-measure,W5_minted,S0_clean_build,B0_baseline_xelatex,20260320-205849-951-c8ceedee,False,True,ok,0.0,43063.267,43063.267,False,True,0,,,
v0.2-prime-measure,W5_minted,S0_clean_build,B0_baseline_xelatex,20260320-212459-694-286cc74c,False,True,ok,0.0,43059.189,43059.189,False,True,0,,,
v0.2-prime-measure,W5_minted,S0_clean_build,B0_baseline_xelatex,20260320-213529-276-74a39ac0,False,True,ok,0.0,43059.012,43059.012,False,True,0,,,
v0.2-prime-measure,W5_minted,S0_clean_build,B0_baseline_xelatex,20260320-220619-568-4596105d,False,True,ok,0.0,43086.626,43086.626,False,True,0,,,
v0.2-prime-measure,W5_minted,S0_clean_build,B0_baseline_xelatex,20260320-222658-923-3664d810,False,True,ok,0.0,43054.457,43054.457,False,True,0,,,
v0.2-prime-measure,W5_minted,S0_clean_build,B0_baseline_xelatex,20260320-223713-661-10b25fd3,False,True,ok,0.0,43068.611,43068.611,False,True,0,,,
v0.2-prime-measure,W5_minted,S0_clean_build,B0_baseline_xelatex,20260320-225939-322-d5e9d1f0,False,True,ok,0.0,43068.102,43068.102,False,True,0,,,
v0.2-prime-measure,W5_minted,S0_clean_build,B0_baseline_xelatex,20260320-232316-685-0725c237,False,True,ok,0.0,43060.823,43060.823,False,True,0,,,
v0.2-prime-measure,W5_minted,S0_clean_build,B0_baseline_xelatex,20260320-235359-030-30eb9c1c,False,True,ok,0.0,43064.306,43064.306,False,True,0,,,
v0.2-prime-measure,W5_minted,S0_clean_build,B0_baseline_xelatex,20260321-001918-036-c87ae0b4,False,True,ok,0.0,43076.244,43076.244,False,True,0,,,
v0.2-prime-measure,W5_minted,S0_clean_build,B0_baseline_xelatex,20260321-003036-558-8abc543d,False,True,ok,0.0,44057.449,44057.449,False,True,0,,,
v0.2-prime-measure,W5_minted,S0_clean_build,B0_baseline_xelatex,20260321-004744-477-90dfc982,False,True,ok,0.0,43064.891,43064.891,False,True,0,,,
v0.2-prime-measure,W5_minted,S0_clean_build,B0_baseline_xelatex,20260321-011059-271-bb053fd7,False,True,ok,0.0,43082.189,43082.189,False,True,0,,,
v0.2-prime-measure,W5_minted,S0_clean_build,B0_baseline_xelatex,20260321-014455-654-a77b528f,False,True,ok,0.0,43046.359,43046.359,False,True,0,,,
v0.2-prime-measure,W5_minted,S0_clean_build,B0_baseline_xelatex,20260321-020251-359-54a578be,False,True,ok,0.0,43057.254,43057.254,False,True,0,,,
v0.2-prime-measure,W5_minted,S0_clean_build,B1_latexmk,20260320-182127-286-018e6b42,False,True,ok,0.0,38007.12,38007.12,False,True,0,,,
v0.2-prime-measure,W5_minted,S0_clean_build,B1_latexmk,20260320-193239-168-486f0139,False,True,ok,0.0,38021.02,38021.02,False,True,0,,,
v0.2-prime-measure,W5_minted,S0_clean_build,B1_latexmk,20260320-195616-654-74dfd11c,False,True,ok,0.0,38014.323,38014.323,False,True,0,,,
v0.2-prime-measure,W5_minted,S0_clean_build,B1_latexmk,20260320-202000-870-25b179d4,False,True,ok,0.0,38014.049,38014.049,False,True,0,,,
v0.2-prime-measure,W5_minted,S0_clean_build,B1_latexmk,20260320-204034-715-394f795a,False,True,ok,0.0,38012.059,38012.059,False,True,0,,,
v0.2-prime-measure,W5_minted,S0_clean_build,B1_latexmk,20260320-210551-215-1310bdbc,False,True,ok,0.0,38008.022,38008.022,False,True,0,,,
v0.2-prime-measure,W5_minted,S0_clean_build,B1_latexmk,20260320-211347-257-5e159021,False,True,ok,0.0,38022.033,38022.033,False,True,0,,,
v0.2-prime-measure,W5_minted,S0_clean_build,B1_latexmk,20260320-214513-403-ef2b8320,False,True,ok,0.0,38016.209,38016.209,False,True,0,,,
v0.2-prime-measure,W5_minted,S0_clean_build,B1_latexmk,20260320-220258-337-bf4c8172,False,True,ok,0.0,38021.572,38021.572,False,True,0,,,
v0.2-prime-measure,W5_minted,S0_clean_build,B1_latexmk,20260320-222801-028-36c5cdc6,False,True,ok,0.0,38015.118,38015.118,False,True,0,,,
v0.2-prime-measure,W5_minted,S0_clean_build,B1_latexmk,20260320-225320-912-f9fa6b76,False,True,ok,0.0,38010.093,38010.093,False,True,0,,,
v0.2-prime-measure,W5_minted,S0_clean_build,B1_latexmk,20260320-231853-570-fb4f6f3c,False,True,ok,0.0,38020.573,38020.573,False,True,0,,,
v0.2-prime-measure,W5_minted,S0_clean_build,B1_latexmk,20260320-232916-481-9cae7d8e,False,True,ok,0.0,38017.884,38017.884,False,True,0,,,
v0.2-prime-measure,W5_minted,S0_clean_build,B1_latexmk,20260320-234311-549-a2cf724e,False,True,ok,0.0,38022.162,38022.162,False,True,0,,,
v0.2-prime-measure,W5_minted,S0_clean_build,B1_latexmk,20260321-002037-515-358f6956,False,True,ok,0.0,38013.483,38013.483,False,True,0,,,
v0.2-prime-measure,W5_minted,S0_clean_build,B1_latexmk,20260321-004212-776-2e26f3be,False,True,ok,0.0,38011.316,38011.316,False,True,0,,,
v0.2-prime-measure,W5_minted,S0_clean_build,B1_latexmk,20260321-005511-047-f40786d6,False,True,ok,0.0,38016.798,38016.798,False,True,0,,,
v0.2-prime-measure,W5_minted,S0_clean_build,B1_latexmk,20260321-012209-119-cb693ac8,False,True,ok,0.0,38021.52,38021.52,False,True,0,,,
v0.2-prime-measure,W5_minted,S0_clean_build,B1_latexmk,20260321-014230-356-9ed72c2d,False,True,ok,0.0,38021.865,38021.865,False,True,0,,,
v0.2-prime-measure,W5_minted,S0_clean_build,B1_latexmk,20260321-020648-526-19780ceb,False,True,ok,0.0,38020.449,38020.449,False,True,0,,,
v0.2-prime-measure,W5_minted,S0_clean_build,B4_minted_cache,20260320-191207-672-2b912999,False,True,ok,0.0,19023.604,19023.604,False,True,0,,,
v0.2-prime-measure,W5_minted,S0_clean_build,B4_minted_cache,20260320-194616-267-00e4fe4d,False,True,ok,0.0,19017.578,19017.578,False,True,0,,,
v0.2-prime-measure,W5_minted,S0_clean_build,B4_minted_cache,20260320-200447-338-a0215edb,False,True,ok,0.0,19012.452,19012.452,False,True,0,,,
v0.2-prime-measure,W5_minted,S0_clean_build,B4_minted_cache,20260320-202930-279-c834307d,False,True,ok,0.0,19015.416,19015.416,False,True,0,,,
v0.2-prime-measure,W5_minted,S0_clean_build,B4_minted_cache,20260320-204940-820-39133ae5,False,True,ok,0.0,19019.206,19019.206,False,True,0,,,
v0.2-prime-measure,W5_minted,S0_clean_build,B4_minted_cache,20260320-205934-531-ab974cf2,False,True,ok,0.0,19011.459,19011.459,False,True,0,,,
v0.2-prime-measure,W5_minted,S0_clean_build,B4_minted_cache,20260320-212227-754-8c392948,False,True,ok,0.0,19006.893,19006.893,False,True,0,,,
v0.2-prime-measure,W5_minted,S0_clean_build,B4_minted_cache,20260320-214139-724-76ca9901,False,True,ok,0.0,19019.712,19019.712,False,True,0,,,
v0.2-prime-measure,W5_minted,S0_clean_build,B4_minted_cache,20260320-220559-169-fdf4c042,False,True,ok,0.0,19018.139,19018.139,False,True,0,,,
v0.2-prime-measure,W5_minted,S0_clean_build,B4_minted_cache,20260320-222913-711-3580d644,False,True,ok,0.0,19010.796,19010.796,False,True,0,,,
v0.2-prime-measure,W5_minted,S0_clean_build,B4_minted_cache,20260320-225655-183-1f8af341,False,True,ok,0.0,19013.655,19013.655,False,True,0,,,
v0.2-prime-measure,W5_minted,S0_clean_build,B4_minted_cache,20260320-231445-182-72c0f930,False,True,ok,0.0,19010.184,19010.184,False,True,0,,,
v0.2-prime-measure,W5_minted,S0_clean_build,B4_minted_cache,20260320-232225-200-bfec1fbe,False,True,ok,0.0,19013.634,19013.634,False,True,0,,,
v0.2-prime-measure,W5_minted,S0_clean_build,B4_minted_cache,20260320-235047-908-c90d8aa0,False,True,ok,0.0,19009.084,19009.084,False,True,0,,,
v0.2-prime-measure,W5_minted,S0_clean_build,B4_minted_cache,20260321-000842-834-44527fbb,False,True,ok,0.0,19019.338,19019.338,False,True,0,,,
v0.2-prime-measure,W5_minted,S0_clean_build,B4_minted_cache,20260321-002509-317-65381bc4,False,True,ok,0.0,19017.669,19017.669,False,True,0,,,
v0.2-prime-measure,W5_minted,S0_clean_build,B4_minted_cache,20260321-010231-440-65f6ff1a,False,True,ok,0.0,19019.734,19019.734,False,True,0,,,
v0.2-prime-measure,W5_minted,S0_clean_build,B4_minted_cache,20260321-011837-777-c4ad34b6,False,True,ok,0.0,19020.192,19020.192,False,True,0,,,
v0.2-prime-measure,W5_minted,S0_clean_build,B4_minted_cache,20260321-013411-276-20816238,False,True,ok,0.0,19010.134,19010.134,False,True,0,,,
v0.2-prime-measure,W5_minted,S0_clean_build,B4_minted_cache,20260321-020104-344-6998b0e5,False,True,ok,0.0,19019.704,19019.704,False,True,0,,,
v0.2-prime-measure,W5_minted,S1_text_edit,B0_baseline_xelatex,20260320-184635-490-66e3ffae,False,True,ok,43062.981,43070.471,86133.452,False,True,0,,,
v0.2-prime-measure,W5_minted,S1_text_edit,B0_baseline_xelatex,20260320-192935-286-c0e3c448,False,True,ok,43074.896,43060.458,86135.354,False,True,0,,,
v0.2-prime-measure,W5_minted,S1_text_edit,B0_baseline_xelatex,20260320-195656-128-e000ae0f,False,True,ok,43055.05,43064.793,86119.843,False,True,0,,,
v0.2-prime-measure,W5_minted,S1_text_edit,B0_baseline_xelatex,20260320-202237-847-3f8a66bb,False,True,ok,43066.992,43061.766,86128.758,False,True,0,,,
v0.2-prime-measure,W5_minted,S1_text_edit,B0_baseline_xelatex,20260320-203624-846-6513036d,False,True,ok,43077.758,43067.008,86144.766,False,True,0,,,
v0.2-prime-measure,W5_minted,S1_text_edit,B0_baseline_xelatex,20260320-211108-001-247e582b,False,True,ok,43052.819,43072.229,86125.048,False,True,0,,,
v0.2-prime-measure,W5_minted,S1_text_edit,B0_baseline_xelatex,20260320-212937-746-a396c8ba,False,True,ok,43062.224,44065.101,87127.325,False,True,0,,,
v0.2-prime-measure,W5_minted,S1_text_edit,B0_baseline_xelatex,20260320-213345-923-205bdb59,False,True,ok,43066.647,43070.432,86137.079,False,True,0,,,
v0.2-prime-measure,W5_minted,S1_text_edit,B0_baseline_xelatex,20260320-220337-827-4b478ad8,False,True,ok,43062.642,43065.324,86127.966,False,True,0,,,
v0.2-prime-measure,W5_minted,S1_text_edit,B0_baseline_xelatex,20260320-223357-040-9228814f,False,True,ok,43055.482,43054.188,86109.67,False,True,0,,,
v0.2-prime-measure,W5_minted,S1_text_edit,B0_baseline_xelatex,20260320-223820-127-21af4b84,False,True,ok,43078.919,43068.024,86146.943,False,True,0,,,
v0.2-prime-measure,W5_minted,S1_text_edit,B0_baseline_xelatex,20260320-230509-611-3a1c39b0,False,True,ok,43057.811,43062.698,86120.509,False,True,0,,,
v0.2-prime-measure,W5_minted,S1_text_edit,B0_baseline_xelatex,20260320-233609-886-0de0c50c,False,True,ok,43075.507,43075.048,86150.555,False,True,0,,,
v0.2-prime-measure,W5_minted,S1_text_edit,B0_baseline_xelatex,20260321-000012-293-bbc14547,False,True,ok,43049.806,43064.959,86114.765,False,True,0,,,
v0.2-prime-measure,W5_minted,S1_text_edit,B0_baseline_xelatex,20260321-001719-891-a22cc5e3,False,True,ok,43082.286,43063.498,86145.784,False,True,0,,,
v0.2-prime-measure,W5_minted,S1_text_edit,B0_baseline_xelatex,20260321-002638-056-570a3dcd,False,True,ok,44052.846,44069.409,88122.255,False,True,0,,,
v0.2-prime-measure,W5_minted,S1_text_edit,B0_baseline_xelatex,20260321-005151-865-ec1849ff,False,True,ok,43053.448,43050.319,86103.767,False,True,0,,,
v0.2-prime-measure,W5_minted,S1_text_edit,B0_baseline_xelatex,20260321-010538-355-f627fdb1,False,True,ok,43062.094,43054.977,86117.071,False,True,0,,,
v0.2-prime-measure,W5_minted,S1_text_edit,B0_baseline_xelatex,20260321-014540-148-805a6d03,False,True,ok,43061.591,43065.569,86127.16,False,True,0,,,
v0.2-prime-measure,W5_minted,S1_text_edit,B0_baseline_xelatex,20260321-020335-974-1f19149b,False,True,ok,43066.247,44073.375,87139.622,False,True,0,,,
v0.2-prime-measure,W5_minted,S1_text_edit,B1_latexmk,20260320-192441-784-1b811858,False,True,ok,38016.934,14010.329,52027.263,False,True,0,,,
v0.2-prime-measure,W5_minted,S1_text_edit,B1_latexmk,20260320-194140-917-74a20e32,False,True,ok,38015.258,14020.0,52035.258,False,True,0,,,
v0.2-prime-measure,W5_minted,S1_text_edit,B1_latexmk,20260320-200008-431-82a5de2d,False,True,ok,38012.176,14016.025,52028.201,False,True,0,,,
v0.2-prime-measure,W5_minted,S1_text_edit,B1_latexmk,20260320-201620-911-2c5ace99,False,True,ok,38008.818,14016.48,52025.298,False,True,0,,,
v0.2-prime-measure,W5_minted,S1_text_edit,B1_latexmk,20260320-204350-632-edcecfe6,False,True,ok,38010.89,14015.519,52026.409,False,True,0,,,
v0.2-prime-measure,W5_minted,S1_text_edit,B1_latexmk,20260320-210435-589-39a25feb,False,True,ok,38010.559,14014.345,52024.904,False,True,0,,,
v0.2-prime-measure,W5_minted,S1_text_edit,B1_latexmk,20260320-212340-046-9e2ac21c,False,True,ok,38015.504,14011.672,52027.176,False,True,0,,,
v0.2-prime-measure,W5_minted,S1_text_edit,B1_latexmk,20260320-213903-572-70ae6b7d,False,True,ok,38010.386,14007.924,52018.31,False,True,0,,,
v0.2-prime-measure,W5_minted,S1_text_edit,B1_latexmk,20260320-220948-373-625303e2,False,True,ok,38007.733,13023.265,51030.998,False,True,0,,,
v0.2-prime-measure,W5_minted,S1_text_edit,B1_latexmk,20260320-221934-999-4a2a266b,False,True,ok,38009.575,14020.032,52029.607,False,True,0,,,
v0.2-prime-measure,W5_minted,S1_text_edit,B1_latexmk,20260320-224322-774-7035e931,False,True,ok,38015.346,14029.577,52044.923,False,True,0,,,
v0.2-prime-measure,W5_minted,S1_text_edit,B1_latexmk,20260320-231800-128-25ae018c,False,True,ok,38014.731,14018.269,52033.0,False,True,0,,,
v0.2-prime-measure,W5_minted,S1_text_edit,B1_latexmk,20260320-232026-604-5119deac,False,True,ok,38021.949,13016.69,51038.639,False,True,0,,,
v0.2-prime-measure,W5_minted,S1_text_edit,B1_latexmk,20260320-234108-936-7187a145,False,True,ok,38010.506,14017.758,52028.264,False,True,0,,,
v0.2-prime-measure,W5_minted,S1_text_edit,B1_latexmk,20260321-001006-261-b7f9eb06,False,True,ok,38023.984,14014.751,52038.735,False,True,0,,,
v0.2-prime-measure,W5_minted,S1_text_edit,B1_latexmk,20260321-002359-316-5596906c,False,True,ok,38012.289,14010.0,52022.289,False,True,0,,,
v0.2-prime-measure,W5_minted,S1_text_edit,B1_latexmk,20260321-005809-206-55df5618,False,True,ok,38011.01,14009.207,52020.217,False,True,0,,,
v0.2-prime-measure,W5_minted,S1_text_edit,B1_latexmk,20260321-012037-388-f9270d4c,False,True,ok,38017.914,14023.765,52041.679,False,True,0,,,
v0.2-prime-measure,W5_minted,S1_text_edit,B1_latexmk,20260321-014113-525-c255e901,False,True,ok,38015.67,14020.045,52035.715,False,True,0,,,
v0.2-prime-measure,W5_minted,S1_text_edit,B1_latexmk,20260321-015835-049-3f15cb7c,False,True,ok,38018.409,13009.976,51028.385,False,True,0,,,
v0.2-prime-measure,W5_minted,S1_text_edit,B4_minted_cache,20260320-183125-347-264b0236,False,True,ok,19009.417,6023.496,25032.913,False,True,0,,,
v0.2-prime-measure,W5_minted,S1_text_edit,B4_minted_cache,20260320-193530-412-e7942429,False,True,ok,19011.621,6012.576,25024.197,False,True,0,,,
v0.2-prime-measure,W5_minted,S1_text_edit,B4_minted_cache,20260320-195933-310-490da2d2,False,True,ok,19008.919,6019.117,25028.036,False,True,0,,,
v0.2-prime-measure,W5_minted,S1_text_edit,B4_minted_cache,20260320-202420-071-13e1a809,False,True,ok,19021.105,6013.896,25035.001,False,True,0,,,
v0.2-prime-measure,W5_minted,S1_text_edit,B4_minted_cache,20260320-203523-020-48aa211c,False,True,ok,19016.336,6017.474,25033.81,False,True,0,,,
v0.2-prime-measure,W5_minted,S1_text_edit,B4_minted_cache,20260320-205621-535-5c1732ff,False,True,ok,19017.684,6012.771,25030.455,False,True,0,,,
v0.2-prime-measure,W5_minted,S1_text_edit,B4_minted_cache,20260320-211426-749-8f6ac665,False,True,ok,19014.039,6009.6,25023.639,False,True,0,,,
v0.2-prime-measure,W5_minted,S1_text_edit,B4_minted_cache,20260320-214404-739-62484235,False,True,ok,19021.575,6020.291,25041.866,False,True,0,,,
v0.2-prime-measure,W5_minted,S1_text_edit,B4_minted_cache,20260320-220532-714-c70afcaa,False,True,ok,19018.518,6019.726,25038.244,False,True,0,,,
v0.2-prime-measure,W5_minted,S1_text_edit,B4_minted_cache,20260320-223010-724-f7b6c116,False,True,ok,19016.848,6014.122,25030.97,False,True,0,,,
v0.2-prime-measure,W5_minted,S1_text_edit,B4_minted_cache,20260320-225755-760-ff350859,False,True,ok,19010.527,6015.201,25025.728,False,True,0,,,
v0.2-prime-measure,W5_minted,S1_text_edit,B4_minted_cache,20260320-225822-210-64bd74d1,False,True,ok,19017.428,6013.854,25031.282,False,True,0,,,
v0.2-prime-measure,W5_minted,S1_text_edit,B4_minted_cache,20260320-232628-228-f5bf2b80,False,True,ok,19015.175,6010.875,25026.05,False,True,0,,,
v0.2-prime-measure,W5_minted,S1_text_edit,B4_minted_cache,20260320-234511-574-792208d3,False,True,ok,19018.014,6019.186,25037.2,False,True,0,,,
v0.2-prime-measure,W5_minted,S1_text_edit,B4_minted_cache,20260321-001115-545-d394baf5,False,True,ok,19021.587,6019.494,25041.081,False,True,0,,,
v0.2-prime-measure,W5_minted,S1_text_edit,B4_minted_cache,20260321-003928-527-0a76d719,False,True,ok,19013.588,6020.834,25034.422,False,True,0,,,
v0.2-prime-measure,W5_minted,S1_text_edit,B4_minted_cache,20260321-005109-803-16582019,False,True,ok,19022.26,6017.933,25040.193,False,True,0,,,
v0.2-prime-measure,W5_minted,S1_text_edit,B4_minted_cache,20260321-011444-784-9f096b5f,False,True,ok,20007.765,6008.572,26016.337,False,True,0,,,
v0.2-prime-measure,W5_minted,S1_text_edit,B4_minted_cache,20260321-013019-518-330adc1f,False,True,ok,19015.253,6018.947,25034.2,False,True,0,,,
v0.2-prime-measure,W5_minted,S1_text_edit,B4_minted_cache,20260321-015121-986-9f93c581,False,True,ok,19022.673,6016.018,25038.691,False,True,0,,,
v0.2-prime-measure,W5_minted,S2_bib_edit,B0_baseline_xelatex,20260320-180112-651-78c38b7a,False,True,ok,45070.629,43067.084,88137.713,False,True,0,,,
v0.2-prime-measure,W5_minted,S2_bib_edit,B0_baseline_xelatex,20260320-193111-485-fcd0d94c,False,True,ok,43069.205,43057.09,86126.295,False,True,0,,,
v0.2-prime-measure,W5_minted,S2_bib_edit,B0_baseline_xelatex,20260320-200624-149-45c435a0,False,True,ok,43055.784,43061.615,86117.399,False,True,0,,,
v0.2-prime-measure,W5_minted,S2_bib_edit,B0_baseline_xelatex,20260320-202752-948-fa311e3b,False,True,ok,43062.713,43067.012,86129.725,False,True,0,,,
v0.2-prime-measure,W5_minted,S2_bib_edit,B0_baseline_xelatex,20260320-204114-123-9e9cca54,False,True,ok,43065.699,43047.143,86112.842,False,True,0,,,
v0.2-prime-measure,W5_minted,S2_bib_edit,B0_baseline_xelatex,20260320-210739-754-faaa1f0e,False,True,ok,43071.958,43058.902,86130.86,False,True,0,,,
v0.2-prime-measure,W5_minted,S2_bib_edit,B0_baseline_xelatex,20260320-211655-894-903b5909,False,True,ok,43085.71,43058.044,86143.754,False,True,0,,,
v0.2-prime-measure,W5_minted,S2_bib_edit,B0_baseline_xelatex,20260320-214237-147-8cc1c457,False,True,ok,43081.059,43088.176,86169.235,False,True,0,,,
v0.2-prime-measure,W5_minted,S2_bib_edit,B0_baseline_xelatex,20260320-215846-461-673750df,False,True,ok,43072.386,43080.33,86152.716,False,True,0,,,
v0.2-prime-measure,W5_minted,S2_bib_edit,B0_baseline_xelatex,20260320-222203-669-96b195d3,False,True,ok,43061.847,43073.344,86135.191,False,True,0,,,
v0.2-prime-measure,W5_minted,S2_bib_edit,B0_baseline_xelatex,20260320-224607-003-8a0d9fad,False,True,ok,43090.577,43076.777,86167.354,False,True,0,,,
v0.2-prime-measure,W5_minted,S2_bib_edit,B0_baseline_xelatex,20260320-230844-434-7658fdc4,False,True,ok,43078.505,43066.917,86145.422,False,True,0,,,
v0.2-prime-measure,W5_minted,S2_bib_edit,B0_baseline_xelatex,20260320-233737-599-08561d45,False,True,ok,43080.029,43075.854,86155.883,False,True,0,,,
v0.2-prime-measure,W5_minted,S2_bib_edit,B0_baseline_xelatex,20260320-235751-020-b20191db,False,True,ok,43063.896,43082.092,86145.988,False,True,0,,,
v0.2-prime-measure,W5_minted,S2_bib_edit,B0_baseline_xelatex,20260321-000508-976-e166d714,False,True,ok,43076.559,43071.327,86147.886,False,True,0,,,
v0.2-prime-measure,W5_minted,S2_bib_edit,B0_baseline_xelatex,20260321-004252-108-b57910b6,False,True,ok,43073.104,43079.503,86152.607,False,True,0,,,
v0.2-prime-measure,W5_minted,S2_bib_edit,B0_baseline_xelatex,20260321-005550-468-14e00786,False,True,ok,43071.681,43081.779,86153.46,False,True,0,,,
v0.2-prime-measure,W5_minted,S2_bib_edit,B0_baseline_xelatex,20260321-010748-691-3541eb32,False,True,ok,43073.464,43048.201,86121.665,False,True,0,,,
v0.2-prime-measure,W5_minted,S2_bib_edit,B0_baseline_xelatex,20260321-013946-028-35c50f53,False,True,ok,43064.424,43068.318,86132.742,False,True,0,,,
v0.2-prime-measure,W5_minted,S2_bib_edit,B0_baseline_xelatex,20260321-015241-093-5d23404f,False,True,ok,43087.149,43064.94,86152.089,False,True,0,,,
v0.2-prime-measure,W5_minted,S2_bib_edit,B1_latexmk,20260320-190043-503-e27e9081,False,True,ok,38007.143,38010.019,76017.162,False,True,0,,,
v0.2-prime-measure,W5_minted,S2_bib_edit,B1_latexmk,20260320-194458-720-6174cb64,False,True,ok,38022.9,38016.573,76039.473,False,True,0,,,
v0.2-prime-measure,W5_minted,S2_bib_edit,B1_latexmk,20260320-195240-391-4c3dfda6,False,True,ok,38012.06,38009.613,76021.673,False,True,0,,,
v0.2-prime-measure,W5_minted,S2_bib_edit,B1_latexmk,20260320-201239-692-1c1fcc1a,False,True,ok,38019.58,38022.535,76042.115,False,True,0,,,
v0.2-prime-measure,W5_minted,S2_bib_edit,B1_latexmk,20260320-203229-988-530b90a0,False,True,ok,38010.076,38015.441,76025.517,False,True,0,,,
v0.2-prime-measure,W5_minted,S2_bib_edit,B1_latexmk,20260320-205122-878-0229f19c,False,True,ok,41029.185,38022.644,79051.829,False,True,0,,,
v0.2-prime-measure,W5_minted,S2_bib_edit,B1_latexmk,20260320-212737-757-cb9c76bd,False,True,ok,38016.564,38017.014,76033.578,False,True,0,,,
v0.2-prime-measure,W5_minted,S2_bib_edit,B1_latexmk,20260320-215106-490-c29eae63,False,True,ok,38011.712,38008.367,76020.079,False,True,0,,,
v0.2-prime-measure,W5_minted,S2_bib_edit,B1_latexmk,20260320-221353-152-c2cebe85,False,True,ok,38008.557,38019.736,76028.293,False,True,0,,,
v0.2-prime-measure,W5_minted,S2_bib_edit,B1_latexmk,20260320-221734-870-fbfa72fc,False,True,ok,38019.692,38010.312,76030.004,False,True,0,,,
v0.2-prime-measure,W5_minted,S2_bib_edit,B1_latexmk,20260320-225109-838-f086943e,False,True,ok,38016.864,38012.188,76029.052,False,True,0,,,
v0.2-prime-measure,W5_minted,S2_bib_edit,B1_latexmk,20260320-230651-839-afe39239,False,True,ok,38010.193,38019.644,76029.837,False,True,0,,,
v0.2-prime-measure,W5_minted,S2_bib_edit,B1_latexmk,20260320-232710-412-ad2ba4c9,False,True,ok,38009.523,38012.918,76022.441,False,True,0,,,
v0.2-prime-measure,W5_minted,S2_bib_edit,B1_latexmk,20260320-235108-379-9f304317,False,True,ok,38016.406,38013.405,76029.811,False,True,0,,,
v0.2-prime-measure,W5_minted,S2_bib_edit,B1_latexmk,20260321-000636-540-0da27841,False,True,ok,38023.423,38015.529,76038.952,False,True,0,,,
v0.2-prime-measure,W5_minted,S2_bib_edit,B1_latexmk,20260321-003508-714-d278ccb1,False,True,ok,38016.039,38018.96,76034.999,False,True,0,,,
v0.2-prime-measure,W5_minted,S2_bib_edit,B1_latexmk,20260321-004501-470-15236f4f,False,True,ok,38023.79,38013.693,76037.483,False,True,0,,,
v0.2-prime-measure,W5_minted,S2_bib_edit,B1_latexmk,20260321-011253-805-8486a87e,False,True,ok,38010.043,38011.151,76021.194,False,True,0,,,
v0.2-prime-measure,W5_minted,S2_bib_edit,B1_latexmk,20260321-012809-887-01b6bba6,False,True,ok,38015.099,38012.036,76027.135,False,True,0,,,
v0.2-prime-measure,W5_minted,S2_bib_edit,B1_latexmk,20260321-015408-680-231b0d32,False,True,ok,38009.335,38017.91,76027.245,False,True,0,,,
v0.2-prime-measure,W5_minted,S2_bib_edit,B4_minted_cache,20260320-181408-325-7b568977,False,True,ok,19013.747,16014.663,35028.41,False,True,0,,,
v0.2-prime-measure,W5_minted,S2_bib_edit,B4_minted_cache,20260320-194404-776-6b79c25a,False,True,ok,19023.34,16020.785,35044.125,False,True,0,,,
v0.2-prime-measure,W5_minted,S2_bib_edit,B4_minted_cache,20260320-200221-701-30378721,False,True,ok,19012.608,16014.954,35027.562,False,True,0,,,
v0.2-prime-measure,W5_minted,S2_bib_edit,B4_minted_cache,20260320-202716-599-c12ee234,False,True,ok,19008.826,16022.054,35030.88,False,True,0,,,
v0.2-prime-measure,W5_minted,S2_bib_edit,B4_minted_cache,20260320-203958-226-aab504dc,False,True,ok,19007.71,16016.228,35023.938,False,True,0,,,
v0.2-prime-measure,W5_minted,S2_bib_edit,B4_minted_cache,20260320-205355-600-8b2278b9,False,True,ok,19013.342,16022.641,35035.983,False,True,0,,,
v0.2-prime-measure,W5_minted,S2_bib_edit,B4_minted_cache,20260320-212023-718-f72d8e57,False,True,ok,19018.884,16010.391,35029.275,False,True,0,,,
v0.2-prime-measure,W5_minted,S2_bib_edit,B4_minted_cache,20260320-213643-876-db4c746f,False,True,ok,19014.616,16019.215,35033.831,False,True,0,,,
v0.2-prime-measure,W5_minted,S2_bib_edit,B4_minted_cache,20260320-215546-668-3f86aea0,False,True,ok,19011.699,16008.914,35020.613,False,True,0,,,
v0.2-prime-measure,W5_minted,S2_bib_edit,B4_minted_cache,20260320-222934-208-bbff9758,False,True,ok,19020.489,16021.301,35041.79,False,True,0,,,
v0.2-prime-measure,W5_minted,S2_bib_edit,B4_minted_cache,20260320-225530-134-1b82ae83,False,True,ok,19005.828,16014.559,35020.387,False,True,0,,,
v0.2-prime-measure,W5_minted,S2_bib_edit,B4_minted_cache,20260320-231213-107-8bf31f1c,False,True,ok,19016.107,16009.103,35025.21,False,True,0,,,
v0.2-prime-measure,W5_minted,S2_bib_edit,B4_minted_cache,20260320-232551-834-d1496c95,False,True,ok,19010.877,16022.25,35033.127,False,True,0,,,
v0.2-prime-measure,W5_minted,S2_bib_edit,B4_minted_cache,20260320-235322-631-93a53e25,False,True,ok,19009.4,16020.27,35029.67,False,True,0,,,
v0.2-prime-measure,W5_minted,S2_bib_edit,B4_minted_cache,20260321-000903-175-9c1459ea,False,True,ok,19013.04,16025.099,35038.139,False,True,0,,,
v0.2-prime-measure,W5_minted,S2_bib_edit,B4_minted_cache,20260321-004027-054-d9576103,False,True,ok,19020.294,16022.09,35042.384,False,True,0,,,
v0.2-prime-measure,W5_minted,S2_bib_edit,B4_minted_cache,20260321-005718-212-f76f4bf9,False,True,ok,19007.592,16009.704,35017.296,False,True,0,,,
v0.2-prime-measure,W5_minted,S2_bib_edit,B4_minted_cache,20260321-010950-615-fbf33852,False,True,ok,19012.584,16023.724,35036.308,False,True,0,,,
v0.2-prime-measure,W5_minted,S2_bib_edit,B4_minted_cache,20260321-013745-913-ef72aca0,False,True,ok,19014.169,16008.305,35022.474,False,True,0,,,
v0.2-prime-measure,W5_minted,S2_bib_edit,B4_minted_cache,20260321-020504-667-0793da90,False,True,ok,19014.1,16018.754,35032.854,False,True,0,,,
v0.2-prime-measure,W5_minted,S3_figure_edit,B0_baseline_xelatex,20260320-190625-246-28b62f1a,False,True,ok,43058.734,43071.585,86130.319,False,True,0,,,
v0.2-prime-measure,W5_minted,S3_figure_edit,B0_baseline_xelatex,20260320-193556-940-3c589bc6,False,True,ok,43081.494,43055.229,86136.723,False,True,0,,,
v0.2-prime-measure,W5_minted,S3_figure_edit,B0_baseline_xelatex,20260320-200258-088-1f184d55,False,True,ok,43070.855,43070.823,86141.678,False,True,0,,,
v0.2-prime-measure,W5_minted,S3_figure_edit,B0_baseline_xelatex,20260320-202516-503-f7319bb7,False,True,ok,43059.236,43069.237,86128.473,False,True,0,,,
v0.2-prime-measure,W5_minted,S3_figure_edit,B0_baseline_xelatex,20260320-204455-496-15c28b92,False,True,ok,43073.753,43061.069,86134.822,False,True,0,,,
v0.2-prime-measure,W5_minted,S3_figure_edit,B0_baseline_xelatex,20260320-205432-077-00d4e5f9,False,True,ok,43074.206,43065.786,86139.992,False,True,0,,,
v0.2-prime-measure,W5_minted,S3_figure_edit,B0_baseline_xelatex,20260320-211528-327-18fdbac2,False,True,ok,43056.822,43067.027,86123.849,False,True,0,,,
v0.2-prime-measure,W5_minted,S3_figure_edit,B0_baseline_xelatex,20260320-214608-176-7aa035b7,False,True,ok,43054.404,43052.288,86106.692,False,True,0,,,
v0.2-prime-measure,W5_minted,S3_figure_edit,B0_baseline_xelatex,20260320-220704-151-5ab82c23,False,True,ok,43072.47,43054.723,86127.193,False,True,0,,,
v0.2-prime-measure,W5_minted,S3_figure_edit,B0_baseline_xelatex,20260320-223051-744-8325ba63,False,True,ok,43077.839,43083.367,86161.206,False,True,0,,,
v0.2-prime-measure,W5_minted,S3_figure_edit,B0_baseline_xelatex,20260320-224416-204-cd1aec30,False,True,ok,43061.581,43055.79,86117.371,False,True,0,,,
v0.2-prime-measure,W5_minted,S3_figure_edit,B0_baseline_xelatex,20260320-230239-141-51c4f4a2,False,True,ok,43077.539,43078.545,86156.084,False,True,0,,,
v0.2-prime-measure,W5_minted,S3_figure_edit,B0_baseline_xelatex,20260320-232401-090-7d605e96,False,True,ok,43056.102,43062.002,86118.104,False,True,0,,,
v0.2-prime-measure,W5_minted,S3_figure_edit,B0_baseline_xelatex,20260320-234812-565-c97f635c,False,True,ok,43056.896,43053.591,86110.487,False,True,0,,,
v0.2-prime-measure,W5_minted,S3_figure_edit,B0_baseline_xelatex,20260321-000249-727-151490be,False,True,ok,43073.346,43066.138,86139.484,False,True,0,,,
v0.2-prime-measure,W5_minted,S3_figure_edit,B0_baseline_xelatex,20260321-003323-309-fb403d9c,False,True,ok,43069.689,48117.425,91187.114,False,True,0,,,
v0.2-prime-measure,W5_minted,S3_figure_edit,B0_baseline_xelatex,20260321-005918-294-4c741331,False,True,ok,43088.607,43072.112,86160.719,False,True,0,,,
v0.2-prime-measure,W5_minted,S3_figure_edit,B0_baseline_xelatex,20260321-012333-402-538eba62,False,True,ok,43054.642,43056.949,86111.591,False,True,0,,,
v0.2-prime-measure,W5_minted,S3_figure_edit,B0_baseline_xelatex,20260321-013431-699-83c3ccf4,False,True,ok,43058.992,43062.086,86121.078,False,True,0,,,
v0.2-prime-measure,W5_minted,S3_figure_edit,B0_baseline_xelatex,20260321-015552-282-81912f3b,False,True,ok,43082.043,43079.817,86161.86,False,True,0,,,
v0.2-prime-measure,W5_minted,S3_figure_edit,B1_latexmk,20260320-185333-133-97a8137f,False,True,ok,38016.62,14021.205,52037.825,False,True,0,,,
v0.2-prime-measure,W5_minted,S3_figure_edit,B1_latexmk,20260320-193746-344-da3fe356,False,True,ok,38014.151,13022.859,51037.01,False,True,0,,,
v0.2-prime-measure,W5_minted,S3_figure_edit,B1_latexmk,20260320-195106-728-6c17a501,False,True,ok,38025.344,14013.511,52038.855,False,True,0,,,
v0.2-prime-measure,W5_minted,S3_figure_edit,B1_latexmk,20260320-201511-968-5fec5906,False,True,ok,38009.996,14008.362,52018.358,False,True,0,,,
v0.2-prime-measure,W5_minted,S3_figure_edit,B1_latexmk,20260320-203136-548-53a7b8eb,False,True,ok,38010.394,14012.143,52022.537,False,True,0,,,
v0.2-prime-measure,W5_minted,S3_figure_edit,B1_latexmk,20260320-210646-218-58a14e28,False,True,ok,38018.103,14011.247,52029.35,False,True,0,,,
v0.2-prime-measure,W5_minted,S3_figure_edit,B1_latexmk,20260320-211244-363-a1e9f4a9,False,True,ok,38012.187,14012.083,52024.27,False,True,0,,,
v0.2-prime-measure,W5_minted,S3_figure_edit,B1_latexmk,20260320-214806-881-55dbd593,False,True,ok,38009.309,14007.431,52016.74,False,True,0,,,
v0.2-prime-measure,W5_minted,S3_figure_edit,B1_latexmk,20260320-220120-462-7820a97e,False,True,ok,38010.333,13011.737,51022.07,False,True,0,,,
v0.2-prime-measure,W5_minted,S3_figure_edit,B1_latexmk,20260320-222331-312-1ce4dbf0,False,True,ok,38012.96,13012.319,51025.279,False,True,0,,,
v0.2-prime-measure,W5_minted,S3_figure_edit,B1_latexmk,20260320-225400-403-29f02586,False,True,ok,38011.717,13014.465,51026.182,False,True,0,,,
v0.2-prime-measure,W5_minted,S3_figure_edit,B1_latexmk,20260320-231633-265-2e6ba994,False,True,ok,38007.557,14008.361,52015.918,False,True,0,,,
v0.2-prime-measure,W5_minted,S3_figure_edit,B1_latexmk,20260320-231933-051-4edca4c7,False,True,ok,38017.996,14010.587,52028.583,False,True,0,,,
v0.2-prime-measure,W5_minted,S3_figure_edit,B1_latexmk,20260320-235918-609-bdfa4fb2,False,True,ok,38018.426,14007.544,52025.97,False,True,0,,,
v0.2-prime-measure,W5_minted,S3_figure_edit,B1_latexmk,20260321-002212-338-63b4dd4f,False,True,ok,38013.097,14018.621,52031.718,False,True,0,,,
v0.2-prime-measure,W5_minted,S3_figure_edit,B1_latexmk,20260321-002305-734-34531dc8,False,True,ok,38012.113,14011.152,52023.265,False,True,0,,,
v0.2-prime-measure,W5_minted,S3_figure_edit,B1_latexmk,20260321-005356-857-9f921556,False,True,ok,38014.047,13021.03,51035.077,False,True,0,,,
v0.2-prime-measure,W5_minted,S3_figure_edit,B1_latexmk,20260321-011744-331-3d6558c7,False,True,ok,38013.58,14016.892,52030.472,False,True,0,,,
v0.2-prime-measure,W5_minted,S3_figure_edit,B1_latexmk,20260321-013837-815-03591e8f,False,True,ok,38006.798,14017.836,52024.634,False,True,0,,,
v0.2-prime-measure,W5_minted,S3_figure_edit,B1_latexmk,20260321-020157-912-e7567677,False,True,ok,38011.175,14011.637,52022.812,False,True,0,,,
v0.2-prime-measure,W5_minted,S3_figure_edit,B4_minted_cache,20260320-191039-825-974e8a02,False,True,ok,19021.278,6010.875,25032.153,False,True,0,,,
v0.2-prime-measure,W5_minted,S3_figure_edit,B4_minted_cache,20260320-194702-938-ce01de23,False,True,ok,19013.164,6012.941,25026.105,False,True,0,,,
v0.2-prime-measure,W5_minted,S3_figure_edit,B4_minted_cache,20260320-200751-698-d39c3024,False,True,ok,19020.596,6009.838,25030.434,False,True,0,,,
v0.2-prime-measure,W5_minted,S3_figure_edit,B4_minted_cache,20260320-202148-323-7d86657a,False,True,ok,19020.079,6009.178,25029.257,False,True,0,,,
v0.2-prime-measure,W5_minted,S3_figure_edit,B4_minted_cache,20260320-204623-126-f42074ab,False,True,ok,19010.623,6011.63,25022.253,False,True,0,,,
v0.2-prime-measure,W5_minted,S3_figure_edit,B4_minted_cache,20260320-210907-447-269d71f7,False,True,ok,19010.902,6013.926,25024.828,False,True,0,,,
v0.2-prime-measure,W5_minted,S3_figure_edit,B4_minted_cache,20260320-213253-417-37dfffae,False,True,ok,19013.645,6009.799,25023.444,False,True,0,,,
v0.2-prime-measure,W5_minted,S3_figure_edit,B4_minted_cache,20260320-215304-572-016ae63d,False,True,ok,19012.254,6016.576,25028.83,False,True,0,,,
v0.2-prime-measure,W5_minted,S3_figure_edit,B4_minted_cache,20260320-220038-399-5050c379,False,True,ok,19009.51,6011.277,25020.787,False,True,0,,,
v0.2-prime-measure,W5_minted,S3_figure_edit,B4_minted_cache,20260320-223631-646-b9461652,False,True,ok,19017.743,6008.344,25026.087,False,True,0,,,
v0.2-prime-measure,W5_minted,S3_figure_edit,B4_minted_cache,20260320-224039-479-7c893d67,False,True,ok,19014.706,6015.765,25030.471,False,True,0,,,
v0.2-prime-measure,W5_minted,S3_figure_edit,B4_minted_cache,20260320-230443-053-de23100b,False,True,ok,19013.191,6020.949,25034.14,False,True,0,,,
v0.2-prime-measure,W5_minted,S3_figure_edit,B4_minted_cache,20260320-232148-162-c9c126f8,False,True,ok,19018.224,6021.291,25039.515,False,True,0,,,
v0.2-prime-measure,W5_minted,S3_figure_edit,B4_minted_cache,20260320-234726-715-54c312ef,False,True,ok,19026.662,6008.191,25034.853,False,True,0,,,
v0.2-prime-measure,W5_minted,S3_figure_edit,B4_minted_cache,20260321-002144-791-faf440b4,False,True,ok,20008.224,6012.919,26021.143,False,True,0,,,
v0.2-prime-measure,W5_minted,S3_figure_edit,B4_minted_cache,20260321-003819-696-8b314a20,False,True,ok,19019.052,6009.435,25028.487,False,True,0,,,
v0.2-prime-measure,W5_minted,S3_figure_edit,B4_minted_cache,20260321-004837-605-988cf9c9,False,True,ok,19008.312,6019.098,25027.41,False,True,0,,,
v0.2-prime-measure,W5_minted,S3_figure_edit,B4_minted_cache,20260321-011554-218-374f3404,False,True,ok,19016.509,6009.787,25026.296,False,True,0,,,
v0.2-prime-measure,W5_minted,S3_figure_edit,B4_minted_cache,20260321-014707-914-70dec533,False,True,ok,19017.296,6010.67,25027.966,False,True,0,,,
v0.2-prime-measure,W5_minted,S3_figure_edit,B4_minted_cache,20260321-020824-898-4ad9eccf,False,True,ok,19020.362,6021.933,25042.295,False,True,0,,,
v0.2-prime-measure,W5_minted,S4_preamble_edit,B0_baseline_xelatex,20260320-191837-086-8bb72ec6,False,True,ok,44057.019,43046.436,87103.455,False,True,0,,,
v0.2-prime-measure,W5_minted,S4_preamble_edit,B0_baseline_xelatex,20260320-193942-121-3a3696be,False,True,ok,43067.14,43074.501,86141.641,False,True,0,,,
v0.2-prime-measure,W5_minted,S4_preamble_edit,B0_baseline_xelatex,20260320-194832-789-1d07a282,False,True,ok,43065.449,43065.202,86130.651,False,True,0,,,
v0.2-prime-measure,W5_minted,S4_preamble_edit,B0_baseline_xelatex,20260320-201724-984-13b71709,False,True,ok,43060.27,43054.63,86114.9,False,True,0,,,
v0.2-prime-measure,W5_minted,S4_preamble_edit,B0_baseline_xelatex,20260320-204649-723-5ecae407,False,True,ok,43065.958,43045.392,86111.35,False,True,0,,,
v0.2-prime-measure,W5_minted,S4_preamble_edit,B0_baseline_xelatex,20260320-210306-902-d7ccdf8e,False,True,ok,43055.703,44067.493,87123.196,False,True,0,,,
v0.2-prime-measure,W5_minted,S4_preamble_edit,B0_baseline_xelatex,20260320-212100-169-7df6f636,False,True,ok,43063.89,43061.123,86125.013,False,True,0,,,
v0.2-prime-measure,W5_minted,S4_preamble_edit,B0_baseline_xelatex,20260320-213720-262-1f197bfe,False,True,ok,43085.804,43052.444,86138.248,False,True,0,,,
v0.2-prime-measure,W5_minted,S4_preamble_edit,B0_baseline_xelatex,20260320-215623-155-12fc89a6,False,True,ok,43065.908,43052.407,86118.315,False,True,0,,,
v0.2-prime-measure,W5_minted,S4_preamble_edit,B0_baseline_xelatex,20260320-222423-936-81c5731a,False,True,ok,43060.023,43047.739,86107.762,False,True,0,,,
v0.2-prime-measure,W5_minted,S4_preamble_edit,B0_baseline_xelatex,20260320-224906-461-a9163178,False,True,ok,43044.391,43056.82,86101.211,False,True,0,,,
v0.2-prime-measure,W5_minted,S4_preamble_edit,B0_baseline_xelatex,20260320-231505-644-9e2bea4f,False,True,ok,43079.961,43088.347,86168.308,False,True,0,,,
v0.2-prime-measure,W5_minted,S4_preamble_edit,B0_baseline_xelatex,20260320-233024-862-eed6b387,False,True,ok,43073.993,43074.796,86148.789,False,True,0,,,
v0.2-prime-measure,W5_minted,S4_preamble_edit,B0_baseline_xelatex,20260320-235530-569-71d79729,False,True,ok,43056.686,44045.739,87102.425,False,True,0,,,
v0.2-prime-measure,W5_minted,S4_preamble_edit,B0_baseline_xelatex,20260321-001536-420-c9ddbd29,False,True,ok,43055.474,43069.932,86125.406,False,True,0,,,
v0.2-prime-measure,W5_minted,S4_preamble_edit,B0_baseline_xelatex,20260321-002908-932-e63e2058,False,True,ok,43056.738,43055.102,86111.84,False,True,0,,,
v0.2-prime-measure,W5_minted,S4_preamble_edit,B0_baseline_xelatex,20260321-010045-935-de364f50,False,True,ok,43061.409,43067.103,86128.512,False,True,0,,,
v0.2-prime-measure,W5_minted,S4_preamble_edit,B0_baseline_xelatex,20260321-012522-456-0a393a4c,False,True,ok,43070.366,43047.005,86117.371,False,True,0,,,
v0.2-prime-measure,W5_minted,S4_preamble_edit,B0_baseline_xelatex,20260321-013128-903-56b99e80,False,True,ok,43058.982,43068.487,86127.469,False,True,0,,,
v0.2-prime-measure,W5_minted,S4_preamble_edit,B0_baseline_xelatex,20260321-014819-890-d0d5cc04,False,True,ok,43054.103,43068.219,86122.322,False,True,0,,,
v0.2-prime-measure,W5_minted,S4_preamble_edit,B1_latexmk,20260320-180758-904-7f06fc5e,False,True,ok,38013.43,14025.945,52039.375,False,True,0,,,
v0.2-prime-measure,W5_minted,S4_preamble_edit,B1_latexmk,20260320-192702-264-8c6359d1,False,True,ok,38023.74,14012.516,52036.256,False,True,0,,,
v0.2-prime-measure,W5_minted,S4_preamble_edit,B1_latexmk,20260320-200530-690-263209ba,False,True,ok,38019.864,14019.312,52039.176,False,True,0,,,
v0.2-prime-measure,W5_minted,S4_preamble_edit,B1_latexmk,20260320-201852-509-2f16bdd1,False,True,ok,38014.635,13009.011,51023.646,False,True,0,,,
v0.2-prime-measure,W5_minted,S4_preamble_edit,B1_latexmk,20260320-203904-763-658c54c7,False,True,ok,38024.236,14018.081,52042.317,False,True,0,,,
v0.2-prime-measure,W5_minted,S4_preamble_edit,B1_latexmk,20260320-210949-532-3f477049,False,True,ok,38019.769,13010.777,51030.546,False,True,0,,,
v0.2-prime-measure,W5_minted,S4_preamble_edit,B1_latexmk,20260320-211908-384-c37fed3b,False,True,ok,38012.685,14017.941,52030.626,False,True,0,,,
v0.2-prime-measure,W5_minted,S4_preamble_edit,B1_latexmk,20260320-214900-345-c946121c,False,True,ok,38015.979,14014.875,52030.854,False,True,0,,,
v0.2-prime-measure,W5_minted,S4_preamble_edit,B1_latexmk,20260320-220846-330-dc1f8361,False,True,ok,38014.85,13011.814,51026.664,False,True,0,,,
v0.2-prime-measure,W5_minted,S4_preamble_edit,B1_latexmk,20260320-221604-196-379ecd3d,False,True,ok,38017.761,14017.587,52035.348,False,True,0,,,
v0.2-prime-measure,W5_minted,S4_preamble_edit,B1_latexmk,20260320-225227-349-c6204372,False,True,ok,38019.54,14013.571,52033.111,False,True,0,,,
v0.2-prime-measure,W5_minted,S4_preamble_edit,B1_latexmk,20260320-231324-610-eb57d17b,False,True,ok,38008.698,14022.942,52031.64,False,True,0,,,
v0.2-prime-measure,W5_minted,S4_preamble_edit,B1_latexmk,20260320-233517-369-a8bdae2c,False,True,ok,38009.605,13019.421,51029.026,False,True,0,,,
v0.2-prime-measure,W5_minted,S4_preamble_edit,B1_latexmk,20260320-234202-384-b67b3706,False,True,ok,38021.341,14010.935,52032.276,False,True,0,,,
v0.2-prime-measure,W5_minted,S4_preamble_edit,B1_latexmk,20260321-001319-070-2e4ce51b,False,True,ok,38022.355,14022.844,52045.199,False,True,0,,,
v0.2-prime-measure,W5_minted,S4_preamble_edit,B1_latexmk,20260321-004103-581-33056e79,False,True,ok,38009.958,14012.517,52022.475,False,True,0,,,
v0.2-prime-measure,W5_minted,S4_preamble_edit,B1_latexmk,20260321-004950-996-ad664a78,False,True,ok,38014.395,14016.512,52030.907,False,True,0,,,
v0.2-prime-measure,W5_minted,S4_preamble_edit,B1_latexmk,20260321-011929-414-cedefa54,False,True,ok,38011.928,14011.354,52023.282,False,True,0,,,
v0.2-prime-measure,W5_minted,S4_preamble_edit,B1_latexmk,20260321-013615-082-6ec4f75d,False,True,ok,38014.797,14015.641,52030.438,False,True,0,,,
v0.2-prime-measure,W5_minted,S4_preamble_edit,B1_latexmk,20260321-015943-251-c6268882,False,True,ok,38021.417,14012.749,52034.166,False,True,0,,,
v0.2-prime-measure,W5_minted,S4_preamble_edit,B4_minted_cache,20260320-191347-430-c889adb1,False,True,ok,19009.148,6010.554,25019.702,False,True,0,,,
v0.2-prime-measure,W5_minted,S4_preamble_edit,B4_minted_cache,20260320-193355-563-5290c381,False,True,ok,19010.096,6020.917,25031.013,False,True,0,,,
v0.2-prime-measure,W5_minted,S4_preamble_edit,B4_minted_cache,20260320-195213-868-1e21ee46,False,True,ok,19014.036,6015.388,25029.424,False,True,0,,,
v0.2-prime-measure,W5_minted,S4_preamble_edit,B4_minted_cache,20260320-201116-612-8c35be62,False,True,ok,19020.75,6011.65,25032.4,False,True,0,,,
v0.2-prime-measure,W5_minted,S4_preamble_edit,B4_minted_cache,20260320-204832-985-1e2b7272,False,True,ok,19018.696,6013.253,25031.949,False,True,0,,,
v0.2-prime-measure,W5_minted,S4_preamble_edit,B4_minted_cache,20260320-205253-976-b692e7e1,False,True,ok,19007.118,6011.222,25018.34,False,True,0,,,
v0.2-prime-measure,W5_minted,S4_preamble_edit,B4_minted_cache,20260320-213136-258-63821380,False,True,ok,19012.168,6008.324,25020.492,False,True,0,,,
v0.2-prime-measure,W5_minted,S4_preamble_edit,B4_minted_cache,20260320-214446-968-4530c22b,False,True,ok,19016.988,6014.716,25031.704,False,True,0,,,
v0.2-prime-measure,W5_minted,S4_preamble_edit,B4_minted_cache,20260320-221510-665-0925f274,False,True,ok,19010.005,6022.45,25032.455,False,True,0,,,
v0.2-prime-measure,W5_minted,S4_preamble_edit,B4_minted_cache,20260320-223540-272-aef8cbab,False,True,ok,20021.948,6021.394,26043.342,False,True,0,,,
v0.2-prime-measure,W5_minted,S4_preamble_edit,B4_minted_cache,20260320-225729-270-3504d614,False,True,ok,19017.369,6008.3,25025.669,False,True,0,,,
v0.2-prime-measure,W5_minted,S4_preamble_edit,B4_minted_cache,20260320-225912-924-07cdd810,False,True,ok,19018.659,6017.892,25036.551,False,True,0,,,
v0.2-prime-measure,W5_minted,S4_preamble_edit,B4_minted_cache,20260320-233358-201-25f57e49,False,True,ok,19020.372,6020.543,25040.915,False,True,0,,,
v0.2-prime-measure,W5_minted,S4_preamble_edit,B4_minted_cache,20260320-234042-401-5737ac5a,False,True,ok,19006.618,6020.044,25026.662,False,True,0,,,
v0.2-prime-measure,W5_minted,S4_preamble_edit,B4_minted_cache,20260321-000939-704-55b129aa,False,True,ok,19010.562,6011.957,25022.519,False,True,0,,,
v0.2-prime-measure,W5_minted,S4_preamble_edit,B4_minted_cache,20260321-003641-941-f737ec5e,False,True,ok,19014.061,6013.668,25027.729,False,True,0,,,
v0.2-prime-measure,W5_minted,S4_preamble_edit,B4_minted_cache,20260321-004704-532-9d404211,False,True,ok,19013.078,6015.571,25028.649,False,True,0,,,
v0.2-prime-measure,W5_minted,S4_preamble_edit,B4_minted_cache,20260321-011512-259-92965db7,False,True,ok,19010.077,6009.508,25019.585,False,True,0,,,
v0.2-prime-measure,W5_minted,S4_preamble_edit,B4_minted_cache,20260321-013318-011-10fe61ce,False,True,ok,20013.26,6009.101,26022.361,False,True,0,,,
v0.2-prime-measure,W5_minted,S4_preamble_edit,B4_minted_cache,20260321-020036-721-8d7870ec,False,True,ok,19011.403,7008.124,26019.527,False,True,0,,,
